datetime,chl,sst,windspeed
6/1/2022 21:00,0.240388619,14.35249996,4.923045857
6/1/2022 22:00,0.283015704,14.43374299,4.710044873
6/1/2022 23:00,0.278256122,14.01181257,5.000874765
6/2/2022 0:00,0.369777682,14.23500001,5.321516305
6/2/2022 1:00,0.430621693,14.48543733,5.416187422
6/2/2022 2:00,0.48244665,14.61288228,5.340168784
6/2/2022 3:00,0.566801548,14.55975014,4.940650047
6/2/2022 4:00,0.541894588,14.09837496,3.95485043
6/2/2022 5:00,0.629403821,14.05912501,2.732195776
6/2/2022 6:00,0.430842168,14.86234413,2.339292696
6/2/2022 7:00,0.498559511,14.59550005,1.45278649
6/2/2022 8:00,0.473399321,14.15818745,0.566811113
6/2/2022 9:00,0.444172193,14.11462492,2.49050975
6/2/2022 10:00,0.438791116,14.64743937,4.088506675
6/2/2022 11:00,0.427316361,14.47762495,4.087021774
6/2/2022 12:00,0.366172597,14.19431245,4.518462552
6/2/2022 13:00,0.358095848,14.13229618,4.56730553
6/2/2022 14:00,0.438329393,14.06325001,4.055791245
6/2/2022 15:00,0.472882503,13.9903751,3.985689274
6/2/2022 16:00,0.557903104,13.97768748,2.385016181
6/2/2022 17:00,0.438014574,14.03287236,0.841304291
6/2/2022 18:00,0.440284679,14.07931256,0.777488144
6/2/2022 19:00,0.384457157,14.05449998,0.339835025
6/2/2022 20:00,0.361415837,14.04974991,1.417751908
6/2/2022 21:00,0.379145243,14.09429051,1.031805246
6/2/2022 22:00,0.343971548,14.07093745,0.750592775
6/2/2022 23:00,0.296931604,13.98781246,0.851487447
6/3/2022 0:00,0.294111747,13.93406236,2.578726021
6/3/2022 1:00,0.357558719,14.04857748,1.408717751
6/3/2022 2:00,0.424901453,14.11862511,1.452823146
6/3/2022 3:00,0.484916236,14.12556255,3.75542567
6/3/2022 4:00,0.509153275,14.20648421,4.251613766
6/3/2022 5:00,0.509689631,14.22900003,5.079739419
6/3/2022 6:00,0.516110616,14.12993747,6.207694194
6/3/2022 7:00,0.530896385,14.05274999,6.228592983
6/3/2022 8:00,0.516212315,13.95707282,5.323591726
6/3/2022 9:00,0.507689442,14.0110625,4.867656282
6/3/2022 10:00,0.509472428,14.07068741,5.80517271
6/3/2022 11:00,0.501929384,14.06462496,6.710369895
6/3/2022 12:00,0.511415107,14.01354326,5.561047974
6/3/2022 13:00,0.522040381,14.00143755,4.366403973
6/3/2022 14:00,0.526631834,14.03274995,3.893750925
6/3/2022 15:00,0.475100625,14.02831245,6.228622347
6/3/2022 16:00,0.393669146,14.02974482,6.297134383
6/3/2022 17:00,0.417808206,14.02231252,8.293189366
6/3/2022 18:00,0.409610714,14.00512487,7.913546537
6/3/2022 19:00,0.374410232,14.00258375,7.789652634
6/3/2022 20:00,0.381042348,13.9972499,8.319491704
6/3/2022 21:00,0.428767271,13.98700005,8.296111961
6/3/2022 22:00,0.442099704,13.98650009,8.662788357
6/3/2022 23:00,0.578098597,14.0128968,9.412042629
6/4/2022 0:00,0.392232972,14.04581255,9.845862063
6/4/2022 1:00,0.385243774,14.00262505,9.8843614
6/4/2022 2:00,0.403258825,13.83075017,9.89154561
6/4/2022 3:00,0.418718189,13.81826466,9.853576541
6/4/2022 4:00,0.41748224,13.78474992,9.176541827
6/4/2022 5:00,0.412214236,13.74975002,9.098160132
6/4/2022 6:00,0.44925569,13.73993742,9.418364781
6/4/2022 7:00,0.435840337,13.74517108,9.523621731
6/4/2022 8:00,0.424111036,13.71299994,9.841887155
6/4/2022 9:00,0.417126831,13.63975,10.87817475
6/4/2022 10:00,0.413143642,13.51107788,11.76530525
6/4/2022 11:00,0.437938064,13.45606262,11.48639338
6/4/2022 12:00,0.430548362,13.60868746,11.74733954
6/4/2022 13:00,0.442972498,13.55462492,11.25061067
6/4/2022 14:00,0.485550047,13.51932268,11.22138617
6/4/2022 15:00,0.505707549,13.481875,12.75495305
6/4/2022 16:00,0.492909399,13.51481241,13.78614387
6/4/2022 17:00,0.566233943,13.53906244,15.96822568
6/4/2022 18:00,0.61473967,13.552625,15.2479441
6/4/2022 19:00,0.687744918,13.5470624,15.63260222
6/4/2022 20:00,0.653709764,13.52456248,15.60624174
6/4/2022 21:00,0.840593174,13.63481254,15.84617852
6/4/2022 22:00,0.829685295,13.62450165,15.34243367
6/4/2022 23:00,0.854540732,13.65837497,13.97612766
6/5/2022 0:00,1.072501657,13.69106251,13.38998599
6/5/2022 1:00,1.232741338,13.67514597,7.889602229
6/5/2022 2:00,1.275559459,13.68643749,6.739243863
6/5/2022 3:00,1.2776024,13.77625001,6.57235883
6/5/2022 4:00,1.170141582,13.84875006,6.394623564
6/5/2022 5:00,1.07868785,13.82371999,5.759021348
6/5/2022 6:00,0.947998273,13.84756237,4.92156428
6/5/2022 7:00,0.866240929,13.93587506,3.670433075
6/5/2022 8:00,0.837872862,14.00224996,3.742940066
6/5/2022 9:00,0.810374162,14.054358,3.511670864
6/5/2022 10:00,0.80406791,14.08637494,3.886512741
6/5/2022 11:00,0.803080856,14.15412504,4.105599382
6/5/2022 12:00,0.757150428,14.21768749,4.235565292
6/5/2022 13:00,0.758689591,14.32921004,3.747247857
6/5/2022 14:00,0.742654714,14.20612502,3.218978827
6/5/2022 15:00,0.773265896,14.19306242,2.339061854
6/5/2022 16:00,0.704454652,14.23854133,1.962339209
6/5/2022 17:00,0.618705189,14.30287498,2.066788387
6/5/2022 18:00,0.550354165,14.31231254,2.510924537
6/5/2022 19:00,0.429369768,14.30856246,3.824345852
6/5/2022 20:00,0.550186039,14.27747621,3.335206724
6/5/2022 21:00,0.607672444,14.31818747,3.768612044
6/5/2022 22:00,0.633898015,14.32806242,3.470155443
6/5/2022 23:00,0.794124124,14.3267501,3.215286964
6/6/2022 0:00,1.040304555,14.35535346,3.472583082
6/6/2022 1:00,1.031690812,14.36493754,4.250925952
6/6/2022 2:00,0.907479852,14.34918755,2.903475572
6/6/2022 3:00,0.726382566,14.31656241,1.841783892
6/6/2022 4:00,0.724181274,14.33453113,2.097257616
6/6/2022 5:00,0.744331619,14.37506253,2.170075806
6/6/2022 6:00,0.798949497,14.37399995,1.27956406
6/6/2022 7:00,0.792240389,14.36878045,0.874429389
6/6/2022 8:00,0.785332478,14.33025008,1.244918355
6/6/2022 9:00,0.729744507,14.26837498,1.889472183
6/6/2022 10:00,0.799093962,14.31899989,2.258137423
6/6/2022 11:00,0.935525728,14.36751658,2.298919472
6/6/2022 12:00,0.900544754,14.29668743,2.744019696
6/6/2022 13:00,0.904540232,14.15312499,3.207961112
6/6/2022 14:00,0.893482163,14.08225006,3.715318114
6/6/2022 15:00,0.703209148,14.08676014,5.544863748
6/6/2022 16:00,0.615849904,14.05493766,6.231958299
6/6/2022 17:00,0.492364725,14.06806249,5.802451822
6/6/2022 18:00,0.417751559,14.22168755,6.094956526
6/6/2022 19:00,0.367593212,14.24711893,4.615933989
6/6/2022 20:00,0.395087585,14.23887509,3.650013705
6/6/2022 21:00,0.39330218,14.27406251,4.234741841
6/6/2022 22:00,0.435286817,14.21473704,4.864393371
6/6/2022 23:00,0.447741472,14.09881246,4.705074658
6/7/2022 0:00,0.529359609,14.0535624,3.196543282
6/7/2022 1:00,0.7501019,13.95418751,2.674521048
6/7/2022 2:00,0.829673079,13.87598596,2.299350234
6/7/2022 3:00,0.767880875,13.8104375,3.53191964
6/7/2022 4:00,0.857416319,13.75806242,4.784771466
6/7/2022 5:00,0.878702281,13.67537487,4.190200512
6/7/2022 6:00,1.051320305,13.59969453,5.264373659
6/7/2022 7:00,1.099720901,13.5345,6.031336286
6/7/2022 8:00,0.743120236,13.44837499,6.551889335
6/7/2022 9:00,0.759074202,13.38474989,7.55880089
6/7/2022 10:00,0.826947044,13.35743749,6.496451487
6/7/2022 11:00,0.869929327,13.36768752,5.022158513
6/7/2022 12:00,0.767387832,13.35324997,4.254376242
6/7/2022 13:00,0.751430052,13.3286275,4.022140858
6/7/2022 14:00,0.667510849,13.31475001,3.395510226
6/7/2022 15:00,0.679646158,13.35862517,2.927412739
6/7/2022 16:00,0.496748656,13.40287501,3.028427609
6/7/2022 17:00,0.570630251,13.38970376,2.557104184
6/7/2022 18:00,0.688269998,13.38050008,2.672697107
6/7/2022 19:00,0.559794598,13.43049991,2.287588197
6/7/2022 20:00,0.571771777,13.49212509,2.171258682
6/7/2022 21:00,0.653627033,13.53991601,2.282604191
6/7/2022 22:00,0.767575268,13.58962512,1.82829419
6/7/2022 23:00,0.879544005,13.62656247,1.763675406
6/8/2022 0:00,0.801233711,13.62168759,1.042200224
6/8/2022 1:00,0.910323209,13.65140591,0.903438327
6/8/2022 2:00,0.992680357,13.65112501,2.032197982
6/8/2022 3:00,0.788478904,13.65393746,2.545776327
6/8/2022 4:00,0.727615492,13.65674817,2.289432304
6/8/2022 5:00,0.793306909,13.63587505,5.086833465
6/8/2022 6:00,0.863277147,13.62625003,5.46311982
6/8/2022 7:00,0.907137701,13.61400002,5.376212554
6/8/2022 8:00,0.970665906,13.66964961,5.337963219
6/8/2022 9:00,0.96213867,13.68018752,6.173721318
6/8/2022 10:00,0.953580602,13.70824993,6.974088573
6/8/2022 11:00,0.975985844,13.75056249,7.927593709
6/8/2022 12:00,0.964561045,13.75660491,9.148759853
6/8/2022 13:00,0.925485352,13.71987504,9.980618276
6/8/2022 14:00,0.78415083,13.71756256,10.04855275
6/8/2022 15:00,0.538825445,13.71887505,10.40710148
6/8/2022 16:00,0.388091997,13.72043759,10.60363146
6/8/2022 17:00,0.475269988,13.7141875,11.04573733
6/8/2022 18:00,0.387837492,13.74237496,11.88738434
6/8/2022 19:00,0.348748074,13.67551545,11.77042288
6/8/2022 20:00,0.407247125,13.67799992,10.81598794
6/8/2022 21:00,0.473920719,13.64074993,11.02101404
6/8/2022 22:00,0.36762401,13.59531254,10.97762972
6/8/2022 23:00,0.412263473,13.56380492,9.85715713
6/9/2022 0:00,0.4235689,13.53618753,6.576297233
6/9/2022 1:00,0.545931234,13.50606269,5.151515253
6/9/2022 2:00,0.722667942,13.47637493,4.565092144
6/9/2022 3:00,0.758171301,13.4524827,4.828225021
6/9/2022 4:00,0.731526803,13.44131243,4.34839838
6/9/2022 5:00,0.748573825,13.43274993,4.0438322
6/9/2022 6:00,0.660135743,13.40106243,3.524154204
6/9/2022 7:00,0.630112955,13.37375318,4.206775169
6/9/2022 8:00,0.620432381,13.36587507,3.807914091
6/9/2022 9:00,0.614013928,13.35199994,4.923370337
6/9/2022 10:00,0.717148656,13.32462286,4.678006905
6/9/2022 11:00,0.729478387,13.3225624,4.465994252
6/9/2022 12:00,0.583431921,13.30812508,4.09936662
6/9/2022 13:00,0.670900416,13.29262489,3.631563373
6/9/2022 14:00,0.708020562,13.24220998,3.24332671
6/9/2022 15:00,0.715598352,13.17006242,3.092623475
6/9/2022 16:00,0.576148535,13.13,2.646568247
6/9/2022 17:00,0.633213645,13.07087493,3.035490915
6/9/2022 18:00,0.563972662,13.02464228,3.641624096
6/9/2022 19:00,0.716420554,12.9347499,2.194046412
6/9/2022 20:00,0.502964718,12.92575008,1.554801007
6/9/2022 21:00,0.612872115,12.87087506,0.845319543
6/9/2022 22:00,0.884367266,12.88705944,1.140435556
6/9/2022 23:00,1.00960565,12.88743728,1.361724753
6/10/2022 0:00,1.054048689,12.87218756,2.346369273
6/10/2022 1:00,1.142521817,12.84217404,3.423486039
6/10/2022 2:00,1.199228904,12.84237498,3.254687946
6/10/2022 3:00,1.253350806,12.83431262,3.992535076
6/10/2022 4:00,1.222980728,12.82775003,3.902388287
6/10/2022 5:00,1.302799966,12.80109778,3.45743118
6/10/2022 6:00,1.399368575,12.77106249,3.400204008
6/10/2022 7:00,1.371106302,12.72787494,3.918677426
6/10/2022 8:00,1.342905029,12.71306258,3.998179837
6/10/2022 9:00,1.553482897,12.6901501,3.825157445
6/10/2022 10:00,1.564535672,12.66437501,3.96842726
6/10/2022 11:00,1.527153098,12.64400011,4.437853191
6/10/2022 12:00,1.485095989,12.62624997,4.515454277
6/10/2022 13:00,1.395004844,12.6052514,3.727363395
6/10/2022 14:00,1.332173424,12.56700009,5.023288938
6/10/2022 15:00,1.274714181,12.486,5.525530565
6/10/2022 16:00,0.954614841,12.46172843,5.327289275
6/10/2022 17:00,0.87368918,12.4248125,4.903570815
6/10/2022 18:00,0.866586808,12.38600004,5.792059004
6/10/2022 19:00,0.960702327,12.34918755,5.92480802
6/10/2022 20:00,0.911015331,12.33778805,7.767333246
6/10/2022 21:00,0.699574553,12.34606254,8.044609448
6/10/2022 22:00,0.840168172,12.33362508,7.684944596
6/10/2022 23:00,0.786710545,12.35074991,7.030795041
6/11/2022 0:00,0.989964777,12.39964399,6.912103992
6/11/2022 1:00,1.01353148,12.45424992,6.216151902
6/11/2022 2:00,0.997783649,12.47599989,7.122059624
6/11/2022 3:00,0.92244292,12.50231248,6.474907682
6/11/2022 4:00,0.895050872,12.51960088,6.517063709
6/11/2022 5:00,0.884981505,12.51400012,6.44422375
6/11/2022 6:00,0.81766585,12.54743755,6.650892182
6/11/2022 7:00,0.869676694,12.58331427,5.581598717
6/11/2022 8:00,0.856792677,12.61287499,6.586076451
6/11/2022 9:00,0.89269392,12.61068756,6.210180084
6/11/2022 10:00,0.824115466,12.58587509,5.800103423
6/11/2022 11:00,0.769601663,12.58776166,5.49568474
6/11/2022 12:00,0.698214767,12.56299996,5.932201491
6/11/2022 13:00,0.748889611,12.59343743,4.900304169
6/11/2022 14:00,0.705632651,12.56974995,5.603398465
6/11/2022 15:00,0.65838643,12.50350687,4.834404407
6/11/2022 16:00,0.520273849,12.43043745,6.057264005
6/11/2022 17:00,0.32992636,12.45918757,5.455020503
6/11/2022 18:00,0.395902762,12.42943752,3.959263505
6/11/2022 19:00,0.30601694,12.40773544,2.709023315
6/11/2022 20:00,0.314067152,12.39262503,3.041302155
6/11/2022 21:00,0.315398291,12.38343751,3.965491457
6/11/2022 22:00,0.28687232,12.34043271,3.381925695
6/11/2022 23:00,0.381869866,12.27087504,4.762780526
6/12/2022 0:00,0.48746817,12.22837502,4.439140313
6/12/2022 1:00,0.517944709,12.22368753,5.055153784
6/12/2022 2:00,0.584568568,12.13340233,4.845175699
6/12/2022 3:00,0.592728138,12.07556236,4.603080103
6/12/2022 4:00,0.765724499,12.01949996,4.457787782
6/12/2022 5:00,0.912014449,12.0521875,5.275178007
6/12/2022 6:00,0.919507683,12.01350003,5.42415719
6/12/2022 7:00,0.809335633,11.96656251,3.76797959
6/12/2022 8:00,0.587298037,11.97556251,5.251234523
6/12/2022 9:00,0.548017269,12.17374998,4.851725208
6/12/2022 10:00,0.488778833,12.25332251,4.405073377
6/12/2022 11:00,0.446383279,12.22206247,4.038146847
6/12/2022 12:00,0.441461301,12.15843755,3.995848567
6/12/2022 13:00,0.441591093,12.13762879,3.751832691
6/12/2022 14:00,0.491467603,12.08112508,3.792392432
6/12/2022 15:00,0.510441322,12.02812499,3.739638446
6/12/2022 16:00,0.482480587,11.99168754,3.699900241
6/12/2022 17:00,0.48925136,11.96939466,3.869540931
6/12/2022 18:00,0.485277536,11.92499995,3.862242621
6/12/2022 19:00,0.406813148,11.88031244,4.155365812
6/12/2022 20:00,0.393971956,11.83249992,5.036931185
6/12/2022 21:00,0.375335678,11.80666883,6.137922407
6/12/2022 22:00,0.404325203,11.80062509,6.461348959
6/12/2022 23:00,0.501516697,11.805875,6.813319531
6/13/2022 0:00,0.546035722,11.82206255,6.916138746
6/13/2022 1:00,0.561665825,11.79573071,6.473791382
6/13/2022 2:00,0.534419039,11.75950009,6.255231953
6/13/2022 3:00,0.570607813,11.714625,5.514324808
6/13/2022 4:00,0.552548202,11.69316174,4.666995655
6/13/2022 5:00,0.56528969,11.68993753,8.458297721
6/13/2022 6:00,0.489132164,11.67406243,7.047198848
6/13/2022 7:00,0.457648752,11.63324988,5.392211866
6/13/2022 8:00,0.417180587,11.64669505,5.016853467
6/13/2022 9:00,0.487323425,11.61231244,4.768506876
6/13/2022 10:00,0.382040507,11.66143739,5.489866211
6/13/2022 11:00,0.381412594,11.67612493,4.710149208
6/13/2022 12:00,0.33624239,11.66774079,3.913932323
6/13/2022 13:00,0.32240997,11.64131254,1.861673873
6/13/2022 14:00,0.309218351,11.57893747,4.331629383
6/13/2022 15:00,0.285338542,11.53618747,4.382517372
6/13/2022 16:00,0.261264463,11.63338639,4.827144197
6/13/2022 17:00,0.352924798,11.615125,3.429410102
6/13/2022 18:00,0.208139614,11.64518744,2.5765357
6/13/2022 19:00,0.170543398,11.64056258,2.716587435
6/13/2022 20:00,0.200841034,11.61512488,2.132619612
6/13/2022 21:00,0.188671899,11.68568742,1.63639163
6/13/2022 22:00,0.203984252,11.62887508,5.100299397
6/13/2022 23:00,0.179990829,11.63660307,5.1861891
6/14/2022 0:00,0.225795831,11.65856248,5.371318359
6/14/2022 1:00,0.2784488,11.65493751,5.810684118
6/14/2022 2:00,0.350222283,11.64537507,5.330612728
6/14/2022 3:00,0.335399637,11.62965194,5.449066812
6/14/2022 4:00,0.318728824,11.62568748,5.14306903
6/14/2022 5:00,0.301943989,11.63525003,5.386774701
6/14/2022 6:00,0.332457166,11.58706266,4.787669578
6/14/2022 7:00,0.302841792,11.57081478,4.323187881
6/14/2022 8:00,0.266386339,11.58843768,4.536376027
6/14/2022 9:00,0.239570298,11.60331261,4.189900956
6/14/2022 10:00,0.215138342,11.5963438,4.074659873
6/14/2022 11:00,0.233781265,11.57412493,4.39876358
6/14/2022 12:00,0.244078798,11.5264374,4.193407506
6/14/2022 13:00,0.245794021,11.54581261,4.231699096
6/14/2022 14:00,0.256326839,11.51537521,5.013939647
6/14/2022 15:00,0.252260726,11.507375,4.46869549
6/14/2022 16:00,0.199663656,11.52362502,4.253232402
6/14/2022 17:00,0.17910147,11.48537505,5.531388005
6/14/2022 18:00,0.162489,11.47593117,5.65441477
6/14/2022 19:00,0.138514841,11.49868739,5.364300455
6/14/2022 20:00,0.136427211,11.52531242,5.288687853
6/14/2022 21:00,0.137150037,11.50075001,4.477730088
6/14/2022 22:00,0.130655057,11.46718712,4.150330331
6/14/2022 23:00,0.144367579,11.45300019,4.247726628
6/15/2022 0:00,0.194393461,11.44762498,2.94710999
6/15/2022 1:00,0.280566431,11.44319628,2.713782062
6/15/2022 2:00,0.26775481,11.44362497,2.390231207
6/15/2022 3:00,0.27264521,11.45125002,3.948916733
6/15/2022 4:00,0.259218898,11.4549377,2.899920954
6/15/2022 5:00,0.266258246,11.45350015,4.054673436
6/15/2022 6:00,0.239985725,11.44606239,4.084552632
6/15/2022 7:00,0.234726562,11.43550003,3.693601696
6/15/2022 8:00,0.222395665,11.41699994,2.897155731
6/15/2022 9:00,0.223923679,11.41055837,3.438793268
6/15/2022 10:00,0.235883811,11.41218752,2.474425589
6/15/2022 11:00,0.224719002,11.41087514,3.89793412
6/15/2022 12:00,0.213643099,11.42362505,4.623126899
6/15/2022 13:00,0.221852617,11.43435402,3.610390519
6/15/2022 14:00,0.218754519,11.46174997,3.741107021
6/15/2022 15:00,0.236459656,11.48499996,4.528633433
6/15/2022 16:00,0.260990339,11.48537891,3.579103919
6/15/2022 17:00,0.276151854,11.48137504,3.121863582
6/15/2022 18:00,0.332976254,11.47656256,4.329450841
6/15/2022 19:00,0.394564183,11.47481257,5.298285117
6/15/2022 20:00,0.42545371,11.47643757,3.891617684
6/15/2022 21:00,0.413777779,11.49662489,4.444417201
6/15/2022 22:00,0.479345865,11.53343749,4.134609208
6/15/2022 23:00,0.461524187,11.55543751,4.473694392
6/16/2022 0:00,0.450398348,11.58968777,4.610196926
6/16/2022 1:00,0.478299583,11.60206246,5.288260227
6/16/2022 2:00,0.461805274,11.61443752,4.823379567
6/16/2022 3:00,0.43813444,11.62774992,4.945243298
6/16/2022 4:00,0.392959993,11.63811098,4.809976014
6/16/2022 5:00,0.426789228,11.65574992,4.979478972
6/16/2022 6:00,0.416283792,11.67781246,5.625071191
6/16/2022 7:00,0.415811979,11.703875,6.252512462
6/16/2022 8:00,0.422267913,11.73418754,4.474958505
6/16/2022 9:00,0.42410214,11.74681246,5.631500959
6/16/2022 10:00,0.421306614,11.74987507,7.044928961
6/16/2022 11:00,0.409638943,11.7631616,6.817824315
6/16/2022 12:00,0.382709186,11.79468745,7.150482656
6/16/2022 13:00,0.350091933,11.82475007,6.894410322
6/16/2022 14:00,0.346913225,11.84968746,6.935901507
6/16/2022 15:00,0.331671071,11.86666161,7.481254172
6/16/2022 16:00,0.269201563,11.86912495,6.968343653
6/16/2022 17:00,0.226113042,11.89862514,6.669602711
6/16/2022 18:00,0.182545304,11.93281239,6.117513817
6/16/2022 19:00,0.187204666,11.95756082,6.259478073
6/16/2022 20:00,0.191011898,11.96875012,6.384934879
6/16/2022 21:00,0.166164249,11.99693751,7.622964681
6/16/2022 22:00,0.172588659,12.01055321,8.468721039
6/16/2022 23:00,0.211431997,11.94012499,8.791324178
6/17/2022 0:00,0.247746433,11.8060624,8.717348017
6/17/2022 1:00,0.338765394,11.81149995,9.151468801
6/17/2022 2:00,0.347761016,11.73440103,9.169062349
6/17/2022 3:00,0.335543621,11.65681249,8.779188154
6/17/2022 4:00,0.370685585,11.72825008,8.504337623
6/17/2022 5:00,0.402793988,11.71600002,8.257398354
6/17/2022 6:00,0.45842265,11.71317108,8.313415022
6/17/2022 7:00,0.427190595,11.66337502,8.161634431
6/17/2022 8:00,0.321073412,11.67037499,8.377996791
6/17/2022 9:00,0.339976904,11.68493748,7.99357007
6/17/2022 10:00,0.343831775,11.67400003,7.555668856
6/17/2022 11:00,0.27357726,11.69306254,7.694369599
6/17/2022 12:00,0.193388601,11.72874999,7.470901424
6/17/2022 13:00,0.186737498,11.7884378,7.696780378
6/17/2022 14:00,0.179666157,11.78493762,8.264492057
6/17/2022 15:00,0.186451731,11.80043745,7.89303498
6/17/2022 16:00,0.169912851,11.79906249,8.407341407
6/17/2022 17:00,0.181603181,11.84816745,8.368905288
6/17/2022 18:00,0.266710041,12.15606248,8.26546544
6/17/2022 19:00,0.255341438,12.26262492,8.843185101
6/17/2022 20:00,0.249676699,12.25643754,8.998168167
6/17/2022 21:00,0.22523296,12.22506234,8.017289106
6/17/2022 22:00,0.200517891,12.17793751,7.592748963
6/17/2022 23:00,0.206315872,12.17025,7.23568529
6/18/2022 0:00,0.302747276,12.19312501,6.679598406
6/18/2022 1:00,0.383689376,12.20962109,7.229622262
6/18/2022 2:00,0.36273373,12.21262509,7.921185385
6/18/2022 3:00,0.280153546,12.11968744,8.066788306
6/18/2022 4:00,0.243867903,12.10156456,8.393666343
6/18/2022 5:00,0.228449275,12.04650009,8.613195642
6/18/2022 6:00,0.20264558,12.05024994,9.131530286
6/18/2022 7:00,0.210124146,12.072375,9.449250309
6/18/2022 8:00,0.207406677,12.11439857,9.250382262
6/18/2022 9:00,0.196375965,12.13524991,9.771225996
6/18/2022 10:00,0.195036642,12.10743749,10.1553882
6/18/2022 11:00,0.195277187,12.0960626,10.09257383
6/18/2022 12:00,0.190242232,12.04362308,10.02737614
6/18/2022 13:00,0.200136129,11.99593753,10.58868029
6/18/2022 14:00,0.207501003,11.99537504,10.73370255
6/18/2022 15:00,0.217800303,11.98256242,10.63812551
6/18/2022 16:00,0.191867323,11.94342034,10.42768065
6/18/2022 17:00,0.181910034,11.9255001,10.27322652
6/18/2022 18:00,0.210265853,11.91531241,10.05294841
6/18/2022 19:00,0.165931023,11.90266161,9.835662296
6/18/2022 20:00,0.141806584,11.90756256,9.386751441
6/18/2022 21:00,0.146390409,11.92006243,9.078785651
6/18/2022 22:00,0.17091082,11.93506247,8.886597062
6/18/2022 23:00,0.149111601,11.94345577,8.345054374
6/19/2022 0:00,0.186986466,11.93162495,8.511614488
6/19/2022 1:00,0.262089139,11.89481252,8.902851882
6/19/2022 2:00,0.229199486,11.83025002,9.292523961
6/19/2022 3:00,0.226067441,11.79099923,9.420495562
6/19/2022 4:00,0.239693788,11.75912482,9.784045727
6/19/2022 5:00,0.228538541,11.73368746,9.838281474
6/19/2022 6:00,0.204547398,11.7247501,9.644464632
6/19/2022 7:00,0.208781214,11.71095312,10.07726415
6/19/2022 8:00,0.197468489,11.7070626,10.55009784
6/19/2022 9:00,0.191823252,11.70437503,9.080689863
6/19/2022 10:00,0.190977174,11.70823226,9.224514908
6/19/2022 11:00,0.183929139,11.7026875,9.496738581
6/19/2022 12:00,0.217761509,11.69662481,8.307226102
6/19/2022 13:00,0.225501795,11.69868749,7.788597216
6/19/2022 14:00,0.243302643,11.69044204,7.337814731
6/19/2022 15:00,0.251847621,11.70206249,6.925543112
6/19/2022 16:00,0.327862869,11.74668753,7.143744822
6/19/2022 17:00,0.220217792,11.77225,7.096596086
6/19/2022 18:00,0.173007053,11.82717864,7.709629181
6/19/2022 19:00,0.18216926,11.94612503,7.664631224
6/19/2022 20:00,0.173183176,11.98706245,7.907848067
6/19/2022 21:00,0.228025353,12.07150012,8.21987521
6/19/2022 22:00,0.185632031,12.1465123,8.663811836
6/19/2022 23:00,0.263928898,12.21443754,8.582259165
6/20/2022 0:00,0.350874722,12.3309375,8.38635302
6/20/2022 1:00,0.338292658,12.38852433,9.198186049
6/20/2022 2:00,0.30581902,12.42468751,9.092991124
6/20/2022 3:00,0.281961269,12.49199993,9.263059174
6/20/2022 4:00,0.269414628,12.55668759,8.800655867
6/20/2022 5:00,0.276265614,12.59659404,8.583569939
6/20/2022 6:00,0.280972818,12.82131249,8.004427084
6/20/2022 7:00,0.274854303,12.981875,7.444214736
6/20/2022 8:00,0.318234664,13.08274996,7.164544261
6/20/2022 9:00,0.350437468,13.12291455,6.770047059
6/20/2022 10:00,0.30145904,13.01593763,6.842054676
6/20/2022 11:00,0.310097821,13.01543742,7.303884236
6/20/2022 12:00,0.292218057,13.29199994,7.250677054
6/20/2022 13:00,0.29709071,12.87543212,7.20796362
6/20/2022 14:00,0.308390213,12.81674999,7.536163979
6/20/2022 15:00,0.280958204,12.82943744,7.513124274
6/20/2022 16:00,0.286684659,13.65844685,8.206293007
6/20/2022 17:00,0.257594512,13.96700001,8.495052044
6/20/2022 18:00,0.281119333,13.90318751,8.273979008
6/20/2022 19:00,0.244740842,13.96318758,8.575903395
6/20/2022 20:00,0.236865853,14.28485252,8.776549237
6/20/2022 21:00,0.289114161,14.2899375,9.160019079
6/20/2022 22:00,0.395458962,13.49987501,6.509618113
6/20/2022 23:00,0.361697261,13.71156252,6.307503058
6/21/2022 0:00,0.456189673,13.68749423,5.627710403
6/21/2022 1:00,0.394522981,13.51725,4.059840225
6/21/2022 2:00,0.370537384,13.98699993,4.343129351
6/21/2022 3:00,0.36954779,14.2619375,3.909196916
6/21/2022 4:00,0.331926068,13.866774,2.194589966
6/21/2022 5:00,0.33842347,13.5091874,1.859499163
6/21/2022 6:00,0.342980422,13.37793744,1.802475115
6/21/2022 7:00,0.303558956,13.5694253,2.599299047
6/21/2022 8:00,0.289465059,13.62424982,2.499731788
6/21/2022 9:00,0.293883722,13.38300008,3.129960394
6/21/2022 10:00,0.312080951,13.33662498,4.163513313
6/21/2022 11:00,0.341300232,13.25749008,5.743681374
6/21/2022 12:00,0.358134023,13.23543751,5.092450513
6/21/2022 13:00,0.367358875,13.180875,5.728450767
6/21/2022 14:00,0.37908891,13.11056256,6.027169484
6/21/2022 15:00,0.373952478,13.00952726,6.109700922
6/21/2022 16:00,0.369182366,12.82337505,5.40920102
6/21/2022 17:00,0.377910841,12.78175002,6.882231108
6/21/2022 18:00,0.375193732,12.61974996,6.342342686
6/21/2022 19:00,0.346036817,12.45499151,5.415341683
6/21/2022 20:00,0.304364397,12.37187499,6.417768194
6/21/2022 21:00,0.230380912,12.34562504,7.269076988
6/21/2022 22:00,0.218190237,12.35487604,7.647861366
6/21/2022 23:00,0.198167627,12.38068742,7.820018336
6/22/2022 0:00,0.173487906,12.40468746,7.496493879
6/22/2022 1:00,0.210974451,12.41812491,7.73682992
6/22/2022 2:00,0.319915319,12.35022554,7.354578695
6/22/2022 3:00,0.373084315,12.36237496,6.667847614
6/22/2022 4:00,0.383058316,12.34481257,7.26575502
6/22/2022 5:00,0.388294711,12.37431234,7.610756314
6/22/2022 6:00,0.371255265,12.38248474,7.698571752
6/22/2022 7:00,0.363894406,12.39187497,7.148218562
6/22/2022 8:00,0.365068806,12.4179374,7.449477312
6/22/2022 9:00,0.40425576,12.42537499,8.428861858
6/22/2022 10:00,0.383908977,12.41662061,8.060415464
6/22/2022 11:00,0.373267858,12.39381254,8.631758694
6/22/2022 12:00,0.361613242,12.35568762,6.538253773
6/22/2022 13:00,0.331805037,12.29014537,6.732106896
6/22/2022 14:00,0.332188227,12.23299998,6.537959435
6/22/2022 15:00,0.320282197,12.1748125,6.214721018
6/22/2022 16:00,0.371658084,12.21437496,7.570706037
6/22/2022 17:00,0.402461452,12.23512059,7.283867363
6/22/2022 18:00,0.301968242,12.20687497,5.023000135
6/22/2022 19:00,0.399308583,12.19406265,5.713975965
6/22/2022 20:00,0.396369065,12.22681248,6.08203786
6/22/2022 21:00,0.358700725,12.23337057,6.056196625
6/22/2022 22:00,0.300673875,12.32662493,6.343436744
6/22/2022 23:00,0.301750734,12.32037502,5.895048612
6/23/2022 0:00,0.333445539,12.30199993,5.196871613
6/23/2022 1:00,0.469064855,12.28824564,5.372950733
6/23/2022 2:00,0.62359758,12.38406253,5.344247656
6/23/2022 3:00,0.827790937,12.51712501,4.738201656
6/23/2022 4:00,0.947457699,12.55560013,4.197464776
6/23/2022 5:00,0.900827974,12.53312492,4.126654197
6/23/2022 6:00,0.720613646,12.57537508,3.515626056
6/23/2022 7:00,0.493750615,12.64775002,2.932480923
6/23/2022 8:00,0.454904556,12.69481051,2.460924164
6/23/2022 9:00,0.488029977,12.69362503,4.839564622
6/23/2022 10:00,0.42458648,12.84681249,3.502478103
6/23/2022 11:00,0.442269188,12.85568756,3.714047131
6/23/2022 12:00,0.435499917,12.85334981,3.165523979
6/23/2022 13:00,0.439861834,12.86424989,3.333985934
6/23/2022 14:00,0.486127701,12.83618754,4.137247865
6/23/2022 15:00,0.512272015,12.83625001,3.242731897
6/23/2022 16:00,0.492747405,12.80042165,2.842214719
6/23/2022 17:00,0.38459604,12.82656252,3.62134546
6/23/2022 18:00,0.34496606,12.82268745,3.811868297
6/23/2022 19:00,0.344515596,12.84351798,4.026920959
6/23/2022 20:00,0.368018198,12.84843755,5.355446784
6/23/2022 21:00,0.388918084,12.85618746,6.296304066
6/23/2022 22:00,0.368930277,12.82693744,6.853214647
6/23/2022 23:00,0.395755309,12.82083572,7.308167015
6/24/2022 0:00,0.485323577,12.80543751,7.943231457
6/24/2022 1:00,0.590407202,12.87706232,7.823637918
6/24/2022 2:00,0.612893222,12.86018753,6.804890028
6/24/2022 3:00,0.656692966,12.76428757,6.529625922
6/24/2022 4:00,0.622437672,12.7845,6.434644774
6/24/2022 5:00,0.621553454,12.81424993,6.955795072
6/24/2022 6:00,0.602392432,12.78181255,5.377226766
6/24/2022 7:00,0.559250984,12.64933043,5.541200897
6/24/2022 8:00,0.550804308,12.61174995,6.0958894
6/24/2022 9:00,0.541950999,12.69081259,6.77161027
6/24/2022 10:00,0.546587225,12.65275418,7.026580644
6/24/2022 11:00,0.562968922,12.55418748,6.790942609
6/24/2022 12:00,0.549042424,12.48531258,6.232291143
6/24/2022 13:00,0.565406794,12.47987497,7.275104926
6/24/2022 14:00,0.574568871,12.48962377,6.930857815
6/24/2022 15:00,0.457748733,12.47443748,7.033838586
6/24/2022 16:00,0.354618383,12.473625,7.42867041
6/24/2022 17:00,0.300036753,12.46549994,7.51032782
6/24/2022 18:00,0.298522159,12.45053507,7.500008475
6/24/2022 19:00,0.294647434,12.43774998,7.496888794
6/24/2022 20:00,0.298043055,12.44006246,6.809878465
6/24/2022 21:00,0.303835713,12.45006245,6.146222969
6/24/2022 22:00,0.597674723,12.46581719,6.12044739
6/24/2022 23:00,1.268353598,12.52118748,5.556923411
6/25/2022 0:00,1.386752768,12.53918749,5.728137886
6/25/2022 1:00,1.397484662,12.55227367,5.702953669
6/25/2022 2:00,1.244746956,12.55318755,5.905949513
6/25/2022 3:00,2.064822407,12.50687498,6.827629041
6/25/2022 4:00,2.414714189,12.49137497,6.772725178
6/25/2022 5:00,1.863870136,12.47564222,7.172425576
6/25/2022 6:00,1.513225839,12.44393754,7.53443634
6/25/2022 7:00,1.548940492,12.42612499,7.072365284
6/25/2022 8:00,1.505246132,12.42056251,6.349933973
6/25/2022 9:00,2.035903015,12.45154799,5.663311621
6/25/2022 10:00,4.230497453,12.48225004,5.887086921
6/25/2022 11:00,4.094078782,12.49268747,6.630457202
6/25/2022 12:00,3.240716666,12.48306257,7.313304402
6/25/2022 13:00,2.966515555,12.47243477,7.510036343
6/25/2022 14:00,3.433173469,12.44274992,8.182148171
6/25/2022 15:00,3.916276783,12.36325008,7.79310334
6/25/2022 16:00,4.408797742,12.30297986,7.929053947
6/25/2022 17:00,4.150120541,12.31874996,7.661443286
6/25/2022 18:00,3.481261196,12.30768758,7.836657591
6/25/2022 19:00,3.482393538,12.28474993,7.159304298
6/25/2022 20:00,5.038968019,12.27587949,7.718302721
6/25/2022 21:00,6.472588832,12.25887501,7.306306695
6/25/2022 22:00,7.42736862,12.24956244,7.295312563
6/25/2022 23:00,6.634218125,12.2246877,6.905273308
6/26/2022 0:00,5.148958191,12.22557031,7.263529006
6/26/2022 1:00,4.822496562,12.24681258,6.983359265
6/26/2022 2:00,4.366961807,12.32706255,6.8198857
6/26/2022 3:00,4.447714924,12.32849991,6.532859374
6/26/2022 4:00,4.490137764,12.3475709,6.019181063
6/26/2022 5:00,4.256853716,12.37243754,6.269534602
6/26/2022 6:00,4.055412575,12.35631257,7.068535391
6/26/2022 7:00,3.693201979,12.37976473,6.959653364
6/26/2022 8:00,3.45005007,12.38137496,4.724718909
6/26/2022 9:00,3.02868526,12.38512492,4.738402399
6/26/2022 10:00,2.533893999,12.37681246,4.475392458
6/26/2022 11:00,2.90342266,12.39781267,3.830401912
6/26/2022 12:00,3.71735677,12.41456247,4.02693768
6/26/2022 13:00,4.037262622,12.41287494,2.030054542
6/26/2022 14:00,4.090702839,12.42024982,1.910229736
6/26/2022 15:00,4.416475004,12.40793759,3.351265437
6/26/2022 16:00,4.485746089,12.4053126,3.835501536
6/26/2022 17:00,3.052571681,12.39931244,1.966770979
6/26/2022 18:00,4.05034157,12.37781256,2.433738729
6/26/2022 19:00,4.651739176,12.38384161,3.259465157
6/26/2022 20:00,7.110275644,12.38824999,3.188678356
6/26/2022 21:00,9.025483812,12.39700007,2.9847595
6/26/2022 22:00,5.769350834,12.39581048,2.890016617
6/26/2022 23:00,2.577403597,12.40406257,3.230166856
6/27/2022 0:00,4.34242464,12.40375006,2.872319102
6/27/2022 1:00,8.268582449,12.39799994,3.413616725
6/27/2022 2:00,6.764609903,12.39137506,4.176757339
6/27/2022 3:00,4.828905224,12.38699984,3.251701799
6/27/2022 4:00,4.055040442,12.38662505,3.658226472
6/27/2022 5:00,2.909844062,12.38868743,3.821308918
6/27/2022 6:00,3.157915216,12.33153063,2.406663023
6/27/2022 7:00,3.611101249,12.11112493,2.917146173
6/27/2022 8:00,3.129740559,12.05250013,2.464723417
6/27/2022 9:00,2.972832362,12.12349993,2.225933599
6/27/2022 10:00,2.638974414,12.20637512,2.569951826
6/27/2022 11:00,2.379486728,12.27574998,2.352285551
6/27/2022 12:00,2.512403009,12.31012487,3.048496756
6/27/2022 13:00,2.073799787,12.2862379,2.665818997
6/27/2022 14:00,3.188208889,12.33293748,3.180783147
6/27/2022 15:00,4.402762956,12.38562489,4.127954818
6/27/2022 16:00,3.673004572,12.50506252,5.097627982
6/27/2022 17:00,4.123641771,12.54283113,5.386058224
6/27/2022 18:00,4.245687909,12.60543746,6.065807753
6/27/2022 19:00,7.253664625,12.66412514,6.007495603
6/27/2022 20:00,7.068472974,12.72062504,5.607703825
6/27/2022 21:00,6.803658552,12.72027819,4.967026089
6/27/2022 22:00,6.528553931,12.7274375,4.930375134
6/27/2022 23:00,5.007421536,12.70212507,4.705196575
6/28/2022 0:00,1.643075849,12.87106258,4.019616927
6/28/2022 1:00,2.187287022,12.8697807,3.799294799
6/28/2022 2:00,5.848612746,12.90249992,3.628857567
6/28/2022 3:00,2.753573635,12.92387491,4.55329306
6/28/2022 4:00,2.2435089,12.95088637,3.972866006
6/28/2022 5:00,2.767500719,12.87831253,3.736425597
6/28/2022 6:00,1.140044234,12.82450008,4.507730059
6/28/2022 7:00,0.871128696,12.88343746,4.040797774
6/28/2022 8:00,0.904044039,13.06892397,3.218938258
6/28/2022 9:00,1.069069226,13.23425001,3.101648274
6/28/2022 10:00,1.310756883,13.29612499,1.990649384
6/28/2022 11:00,1.302743029,13.44349998,1.16085921
6/28/2022 12:00,0.9906307,14.17568009,1.982705373
6/28/2022 13:00,1.072709822,14.10412514,2.695115749
6/28/2022 14:00,1.40232585,14.0746249,2.598926369
6/28/2022 15:00,1.636921382,14.01368749,2.775738802
6/28/2022 16:00,2.171513829,13.83571046,4.488666781
6/28/2022 17:00,2.32433621,13.68462509,4.92724151
6/28/2022 18:00,2.530614696,13.77862495,4.313278851
6/28/2022 19:00,2.745463292,13.51957944,4.447197236
6/28/2022 20:00,1.194146001,13.43081242,4.755682755
6/28/2022 21:00,0.895802191,13.45637494,4.459114335
6/28/2022 22:00,0.773683897,13.48387492,4.150875767
6/28/2022 23:00,1.634646699,13.42817653,5.537811239
6/29/2022 0:00,1.965521387,13.37062496,5.267588314
6/29/2022 1:00,2.821895899,13.39650005,5.33525513
6/29/2022 2:00,2.347556298,13.38662493,5.029803316
6/29/2022 3:00,1.568651283,13.37522397,4.463055047
6/29/2022 4:00,1.426750984,13.30306256,4.975551342
6/29/2022 5:00,1.46431495,13.24099994,5.241152571
6/29/2022 6:00,1.274436451,13.22931248,4.835717312
6/29/2022 7:00,1.429250874,13.19920052,4.884402942
6/29/2022 8:00,1.403158229,13.18343747,5.070733955
6/29/2022 9:00,1.383710336,13.11568749,5.061974835
6/29/2022 10:00,1.388356532,13.08780786,5.081141949
6/29/2022 11:00,1.35432314,13.09424996,4.837520229
6/29/2022 12:00,1.290482942,13.0943749,4.953708538
6/29/2022 13:00,1.200268694,13.09493732,4.475145815
6/29/2022 14:00,1.2638934,13.07743775,3.491115047
6/29/2022 15:00,1.359056857,13.06068754,4.552704744
6/29/2022 16:00,1.149267799,13.04806244,3.927395624
6/29/2022 17:00,1.343216576,13.0036251,4.063069857
6/29/2022 18:00,0.782052434,12.99800384,3.666891611
6/29/2022 19:00,0.66092755,13.06318748,3.963260213
6/29/2022 20:00,0.688444258,13.06250006,3.274253954
6/29/2022 21:00,0.662584806,13.02118754,3.891606023
6/29/2022 22:00,0.750449003,12.91278958,3.738201316
6/29/2022 23:00,0.952796434,12.82599992,4.10534923
6/30/2022 0:00,0.812260195,12.7685625,4.313511486
6/30/2022 1:00,0.858810786,12.73353854,4.117530197
6/30/2022 2:00,0.963823629,12.70381266,4.07971024
6/30/2022 3:00,1.056901969,12.70437503,3.643069818
6/30/2022 4:00,0.893496973,12.70087498,3.157942802
6/30/2022 5:00,0.848872457,12.69550892,2.614161568
6/30/2022 6:00,0.795552309,12.7335,2.93863498
6/30/2022 7:00,0.865211028,12.79037499,3.081136648
6/30/2022 8:00,0.896711543,12.82343745,2.945477163
6/30/2022 9:00,0.799853199,12.86473595,3.258873763
6/30/2022 10:00,0.735451725,12.88668746,3.412072881
6/30/2022 11:00,0.643003478,12.8545,3.400424233
6/30/2022 12:00,0.525906616,12.77056241,3.55987439
6/30/2022 13:00,0.542771075,12.72767387,4.437514541
6/30/2022 14:00,0.554650009,12.70118749,4.701557219
6/30/2022 15:00,0.616504598,12.71637505,4.115837892
6/30/2022 16:00,0.650877009,12.66261653,4.271451978
6/30/2022 17:00,0.533282712,12.64831245,3.94689604
6/30/2022 18:00,0.556466268,12.64806247,4.660577824
6/30/2022 19:00,0.729663579,12.64806265,4.911035978
6/30/2022 20:00,0.861250617,12.63124997,5.395507934
6/30/2022 21:00,0.823878718,12.58649999,5.711505359
6/30/2022 22:00,0.634830917,12.57862514,5.413580066
6/30/2022 23:00,0.921554407,12.58475018,5.551670861
7/1/2022 0:00,0.938918106,12.57930256,6.13235403
7/1/2022 1:00,0.860430711,12.58850002,5.970935372
7/1/2022 2:00,0.639025553,12.59531248,5.970442833
7/1/2022 3:00,0.60292287,12.59481245,5.743701531
7/1/2022 4:00,0.599892094,12.58750846,5.220974764
7/1/2022 5:00,0.52581357,12.58631253,5.353781948
7/1/2022 6:00,0.497777071,12.594625,5.848315338
7/1/2022 7:00,0.50785052,12.62128954,5.645401733
7/1/2022 8:00,0.510724061,12.61343753,5.319209786
7/1/2022 9:00,0.55710197,12.56643748,5.448065232
7/1/2022 10:00,0.578995034,12.49437499,5.340858304
7/1/2022 11:00,0.454873718,12.46687449,5.495720006
7/1/2022 12:00,0.54935043,12.44462496,5.510282902
7/1/2022 13:00,0.487747995,12.42618752,4.834054395
7/1/2022 14:00,0.547023057,12.40537501,5.397809096
7/1/2022 15:00,0.608728802,12.37569974,5.35031851
7/1/2022 16:00,0.531220123,12.33937502,4.981563376
7/1/2022 17:00,0.600699621,12.31156254,5.351749755
7/1/2022 18:00,0.61627469,12.27081245,2.998846183
7/1/2022 19:00,0.481553403,12.20023059,2.495692152
7/1/2022 20:00,0.547319458,12.11768746,2.693101891
7/1/2022 21:00,0.469956099,12.09724998,3.073994027
7/1/2022 22:00,0.513589624,12.14018738,2.981760629
7/1/2022 23:00,0.560303615,12.19631243,2.974712276
7/2/2022 0:00,0.629420781,12.22018766,2.95792506
7/2/2022 1:00,0.584198081,12.20206261,2.919821598
7/2/2022 2:00,0.565754473,12.19547892,2.9792146
7/2/2022 3:00,0.776106448,12.18643749,2.97411043
7/2/2022 4:00,0.74577353,12.17912501,4.261472791
7/2/2022 5:00,0.549583573,12.16556245,5.098122092
7/2/2022 6:00,0.594202579,12.15244712,5.710741407
7/2/2022 7:00,0.612493954,12.17506248,6.666719917
7/2/2022 8:00,0.539516258,12.16087502,7.06734757
7/2/2022 9:00,0.534409653,12.14868748,7.096987694
7/2/2022 10:00,0.59945804,12.12935972,8.003624312
7/2/2022 11:00,0.682178454,12.11031252,8.565335506
7/2/2022 12:00,0.663556106,12.11443746,10.04168804
7/2/2022 13:00,0.608246833,12.13178187,10.90877703
7/2/2022 14:00,0.619363945,12.14524996,10.71255549
7/2/2022 15:00,0.690326151,12.15362501,10.4774171
7/2/2022 16:00,0.773695717,12.15056259,10.07027428
7/2/2022 17:00,0.887695642,12.1480872,9.594102416
7/2/2022 18:00,1.00079576,12.14768749,9.094257327
7/2/2022 19:00,0.971294747,12.14975005,8.240018289
7/2/2022 20:00,1.058769472,12.14293766,7.011853356
7/2/2022 21:00,1.134475991,12.1298745,7.527005297
7/2/2022 22:00,1.166431418,12.11706251,7.753777697
7/2/2022 23:00,1.211217961,12.1153751,7.976696885
7/3/2022 0:00,1.140655497,12.10237497,8.326734517
7/3/2022 1:00,1.171776599,12.10268742,8.923319648
7/3/2022 2:00,1.198691306,12.09706247,9.728276966
7/3/2022 3:00,1.116041932,12.09343743,10.8906582
7/3/2022 4:00,1.097421222,12.09442255,11.43197814
7/3/2022 5:00,1.10360074,12.09231245,11.7839323
7/3/2022 6:00,1.01105169,12.09343761,11.04687779
7/3/2022 7:00,0.937839333,12.10425002,12.37264216
7/3/2022 8:00,0.867529165,12.11739345,12.35661894
7/3/2022 9:00,0.820533067,12.12462491,10.90063369
7/3/2022 10:00,0.74996214,12.13312495,11.3670549
7/3/2022 11:00,0.752072618,12.14181256,9.834421413
7/3/2022 12:00,0.613801166,12.14706353,10.32433343
7/3/2022 13:00,0.645555587,12.14925003,9.959046853
7/3/2022 14:00,0.735766043,12.15412509,9.186044306
7/3/2022 15:00,0.780383151,12.16287494,9.047366054
7/3/2022 16:00,0.790624814,12.16187507,8.037825019
7/3/2022 17:00,0.822085803,12.15518749,8.005846133
7/3/2022 18:00,0.748353992,12.13949996,7.289008924
7/3/2022 19:00,0.81702745,12.12317871,7.306655283
7/3/2022 20:00,0.805934281,12.11793751,7.186548361
7/3/2022 21:00,0.721387172,12.11768741,8.525629432
7/3/2022 22:00,0.567467341,12.11706227,9.186672634
7/3/2022 23:00,0.666930654,12.11718676,9.089192299
7/4/2022 0:00,0.706437809,12.1185627,8.322113321
7/4/2022 1:00,0.64568339,12.11918771,8.89339209
7/4/2022 2:00,0.606639228,12.11987507,6.438286255
7/4/2022 3:00,0.546826361,12.12044655,6.902917732
7/4/2022 4:00,0.587786183,12.12075007,5.968272758
7/4/2022 5:00,0.673880377,12.12050009,6.163845893
7/4/2022 6:00,0.633523451,12.12124998,6.41557018
7/4/2022 7:00,0.600054081,12.12025005,5.493303901
7/4/2022 8:00,0.551518455,12.12287498,5.989238843
7/4/2022 9:00,0.585945567,12.14343756,6.210973065
7/4/2022 10:00,0.534942085,12.14998127,5.58732437
7/4/2022 11:00,0.58396287,12.15406257,4.085158069
7/4/2022 12:00,0.567705797,12.1491875,4.444720989
7/4/2022 13:00,0.562967881,12.14675015,4.444051308
7/4/2022 14:00,0.581103424,12.14719591,3.983552564
7/4/2022 15:00,0.588662388,12.14593756,4.405104909
7/4/2022 16:00,0.581883265,12.1457501,5.087149202
7/4/2022 17:00,0.491693699,12.14637512,6.204304998
7/4/2022 18:00,0.462800714,12.14575004,7.060807619
7/4/2022 19:00,0.438253026,12.14487517,6.702712759
7/4/2022 20:00,0.451389325,12.14718759,6.639037042
7/4/2022 21:00,0.460792162,12.15043759,4.348355673
7/4/2022 22:00,0.46828824,12.15679169,3.695580567
7/4/2022 23:00,0.478513604,12.16637492,4.949405522
7/5/2022 0:00,0.516178438,12.17156243,5.421902313
7/5/2022 1:00,0.547797844,12.18076771,4.832481434
7/5/2022 2:00,0.572275311,12.19037509,5.507141405
7/5/2022 3:00,0.511746521,12.19206232,4.745946673
7/5/2022 4:00,0.530851506,12.19793743,4.00411654
7/5/2022 5:00,0.53063163,12.20025759,1.990030187
7/5/2022 6:00,0.55973459,12.20775008,1.414213158
7/5/2022 7:00,0.484112204,12.21518749,1.965346505
7/5/2022 8:00,0.393165755,12.21643746,1.633516494
7/5/2022 9:00,0.503469746,12.22299999,0.976921245
7/5/2022 10:00,0.388879945,12.22518748,0.870945472
7/5/2022 11:00,0.421439729,12.22612506,2.474223319
7/5/2022 12:00,0.466900355,12.22743744,4.499860054
7/5/2022 13:00,0.438299225,12.23080458,4.39870384
7/5/2022 14:00,0.436513733,12.23374999,3.662121008
7/5/2022 15:00,0.46026866,12.23968756,2.773398225
7/5/2022 16:00,0.493442232,12.25269705,2.774203456
7/5/2022 17:00,0.504966129,12.28387493,3.640818017
7/5/2022 18:00,0.460964305,12.28837508,4.673793282
7/5/2022 19:00,0.579850687,12.28981239,5.246170982
7/5/2022 20:00,0.703538852,12.28944482,5.604931651
7/5/2022 21:00,0.659510885,12.30781251,5.904494438
7/5/2022 22:00,0.632872448,12.33131254,5.845918781
7/5/2022 23:00,0.774916797,12.35012513,5.578290743
7/6/2022 0:00,0.893952695,12.35759628,6.621820719
7/6/2022 1:00,0.850285708,12.3355,6.34055411
7/6/2022 2:00,0.802155411,12.33493751,6.287830664
7/6/2022 3:00,0.83557016,12.36706245,6.12809328
7/6/2022 4:00,0.782499338,12.37484381,6.190212811
7/6/2022 5:00,0.748931207,12.36593753,6.040233196
7/6/2022 6:00,0.720594027,12.36775005,5.834084608
7/6/2022 7:00,0.714805607,12.38867286,5.201769005
7/6/2022 8:00,0.734253674,12.38624996,4.442598827
7/6/2022 9:00,0.70949105,12.38112497,4.534218263
7/6/2022 10:00,0.736037812,12.37862492,4.250934484
7/6/2022 11:00,0.700386819,12.37162507,3.555158614
7/6/2022 12:00,0.666843042,12.37200004,3.693639947
7/6/2022 13:00,0.75523379,12.3736251,3.566637059
7/6/2022 14:00,0.685972085,12.39231258,3.329261681
7/6/2022 15:00,0.783582048,12.38293416,3.397203793
7/6/2022 16:00,0.740504445,12.37987495,3.17447839
7/6/2022 17:00,0.722566476,12.3725,3.612722952
7/6/2022 18:00,0.757783463,12.36562509,3.46100377
7/6/2022 19:00,0.819239882,12.36050687,3.862577509
7/6/2022 20:00,0.88732532,12.36675006,3.931060825
7/6/2022 21:00,0.930277067,12.31056261,3.863357199
7/6/2022 22:00,0.953733124,12.34833167,4.494465598
7/6/2022 23:00,1.007118685,12.36524999,4.341421954
7/7/2022 0:00,1.034073917,12.3770625,3.965020658
7/7/2022 1:00,1.049801746,12.38918745,4.310776993
7/7/2022 2:00,0.831524683,12.39601102,4.397739932
7/7/2022 3:00,0.863330908,12.39143753,4.339590987
7/7/2022 4:00,0.864760134,12.38099992,4.170973079
7/7/2022 5:00,0.796902547,12.37474996,5.861283112
7/7/2022 6:00,0.750087449,12.30434963,5.723392
7/7/2022 7:00,0.68067567,12.29981244,5.285316303
7/7/2022 8:00,0.69189885,12.28225005,5.998229396
7/7/2022 9:00,0.687994251,12.21843743,5.413057836
7/7/2022 10:00,0.587433292,12.11310644,5.095379709
7/7/2022 11:00,0.518820026,12.07706249,4.485098996
7/7/2022 12:00,0.501503517,12.12393749,4.615557021
7/7/2022 13:00,0.515776681,12.22705773,4.118694471
7/7/2022 14:00,0.59978891,12.29087496,4.941352699
7/7/2022 15:00,0.525536954,12.31312501,5.458522799
7/7/2022 16:00,0.525112696,12.32556242,6.498531918
7/7/2022 17:00,0.525044297,12.33593517,6.350084127
7/7/2022 18:00,0.413427456,12.33887494,6.602468931
7/7/2022 19:00,0.39618237,12.34225011,6.803870091
7/7/2022 20:00,0.453354451,12.34306252,6.946765438
7/7/2022 21:00,0.435840678,12.34420563,7.189845748
7/7/2022 22:00,0.533114273,12.35581249,6.802207173
7/7/2022 23:00,0.563648988,12.35362506,6.832758273
7/8/2022 0:00,0.503472536,12.36181253,6.799766091
7/8/2022 1:00,0.568693662,12.38525137,5.234196004
7/8/2022 2:00,0.544226957,12.39718747,5.101378991
7/8/2022 3:00,0.544672427,12.40081251,6.057630313
7/8/2022 4:00,0.554470907,12.40898824,5.340000908
7/8/2022 5:00,0.557942123,12.40693754,6.146939348
7/8/2022 6:00,0.565844211,12.40775007,7.000668605
7/8/2022 7:00,0.513971255,12.41112495,7.434727118
7/8/2022 8:00,0.514276865,12.41281235,6.482487273
7/8/2022 9:00,0.519066736,12.4115625,3.737841503
7/8/2022 10:00,0.52205913,12.41543746,3.785727876
7/8/2022 11:00,0.514862912,12.41862494,6.93085382
7/8/2022 12:00,0.49063624,12.42167851,8.365268872
7/8/2022 13:00,0.46513788,12.5261876,8.681033169
7/8/2022 14:00,0.440031567,12.61225003,9.597795975
7/8/2022 15:00,0.422974857,12.69474995,10.14617296
7/8/2022 16:00,0.487071556,12.74603111,9.986200772
7/8/2022 17:00,0.518714785,12.77062494,8.762566146
7/8/2022 18:00,0.532980365,12.80593753,9.054737716
7/8/2022 19:00,0.618676858,12.84881252,8.753849375
7/8/2022 20:00,0.475343523,12.94799995,7.318692188
7/8/2022 21:00,0.368946593,13.02362508,7.249893541
7/8/2022 22:00,0.387289346,13.09006244,6.964459136
7/8/2022 23:00,0.500628327,13.14708504,6.18914875
7/9/2022 0:00,0.552906084,13.23587507,5.959531739
7/9/2022 1:00,0.645002776,13.31068742,5.683695721
7/9/2022 2:00,0.582269387,13.40018743,5.489696301
7/9/2022 3:00,0.459387507,13.50164089,5.924394989
7/9/2022 4:00,0.546293496,13.57325,6.066820526
7/9/2022 5:00,0.533593484,13.63062501,5.822079546
7/9/2022 6:00,0.566647038,13.63887489,5.866588892
7/9/2022 7:00,0.562662453,13.59830284,5.24191449
7/9/2022 8:00,0.532458931,13.64743757,5.085549389
7/9/2022 9:00,0.503040947,13.68662506,5.336760082
7/9/2022 10:00,0.495099898,13.70161195,5.48716239
7/9/2022 11:00,0.473064225,13.70312494,5.403432166
7/9/2022 12:00,0.504250472,13.70899999,6.09022699
7/9/2022 13:00,0.530997306,13.71493739,5.12294755
7/9/2022 14:00,0.498199504,13.71713375,4.87176962
7/9/2022 15:00,0.505975452,13.72106248,4.645095518
7/9/2022 16:00,0.474418158,13.75193757,5.371313798
7/9/2022 17:00,0.427155878,13.76956248,5.463903582
7/9/2022 18:00,0.422846947,13.76623377,5.338010871
7/9/2022 19:00,0.474756172,13.75493747,5.282429402
7/9/2022 20:00,0.432212901,13.75918746,4.512470197
7/9/2022 21:00,0.466996773,13.74293751,4.804042091
7/9/2022 22:00,0.525551923,13.7181614,4.923921337
7/9/2022 23:00,0.594525183,13.682625,5.309956577
7/10/2022 0:00,0.665371548,13.6536876,4.639912123
7/10/2022 1:00,0.700719931,13.70378942,4.527042318
7/10/2022 2:00,0.650983981,13.67468739,3.764177247
7/10/2022 3:00,0.583325155,13.65206254,4.28618842
7/10/2022 4:00,0.543084614,13.66393751,4.622449031
7/10/2022 5:00,0.556292404,13.6462573,4.329276206
7/10/2022 6:00,0.510415604,13.64643759,4.431874453
7/10/2022 7:00,0.516669945,13.63881248,4.570917732
7/10/2022 8:00,0.53260212,13.66650003,4.612318112
7/10/2022 9:00,0.503972018,13.67457201,3.927730969
7/10/2022 10:00,0.631203465,13.68518752,2.74089547
7/10/2022 11:00,0.62914879,13.6828751,2.808847481
7/10/2022 12:00,0.58344402,13.6737501,3.126799298
7/10/2022 13:00,0.590535589,13.64804729,3.252030669
7/10/2022 14:00,0.590402864,13.64318752,2.541268402
7/10/2022 15:00,0.605750443,13.63218754,2.931008278
7/10/2022 16:00,0.581851213,13.61236756,2.542839129
7/10/2022 17:00,0.523821047,13.57437491,2.114580758
7/10/2022 18:00,0.471386665,13.58968747,2.442075655
7/10/2022 19:00,0.504013825,13.59456247,3.155446148
7/10/2022 20:00,0.496592441,13.56196816,3.41414772
7/10/2022 21:00,0.475386671,13.55156267,3.354421703
7/10/2022 22:00,0.467559646,13.54049993,4.117805347
7/10/2022 23:00,0.534313114,13.52956253,4.991879783
7/11/2022 0:00,0.5749917,13.52924248,4.574496602
7/11/2022 1:00,0.599556106,13.52218753,4.546066582
7/11/2022 2:00,0.5615967,13.47212499,4.306975109
7/11/2022 3:00,0.589209846,13.45406264,4.742255417
7/11/2022 4:00,0.55102434,13.45644337,4.48466281
7/11/2022 5:00,0.499543136,13.45806259,5.150471526
7/11/2022 6:00,0.536242443,13.45118749,4.100841739
7/11/2022 7:00,0.583404609,13.42181248,4.884539512
7/11/2022 8:00,0.565247439,13.39075005,4.491809879
7/11/2022 9:00,0.546863824,13.41743755,4.403101856
7/11/2022 10:00,0.52072904,13.40549999,3.651845017
7/11/2022 11:00,0.509686944,13.39904509,4.482666511
7/11/2022 12:00,0.503293368,13.38493746,4.439402402
7/11/2022 13:00,0.493952031,13.365125,5.185972377
7/11/2022 14:00,0.532174706,13.33606261,4.468051775
7/11/2022 15:00,0.62823994,13.30823112,4.462996624
7/11/2022 16:00,0.700629702,13.29081249,3.008997957
7/11/2022 17:00,0.726837294,13.29775006,3.361400302
7/11/2022 18:00,0.689017598,13.23343748,4.682014282
7/11/2022 19:00,0.606898986,13.172779,5.956710423
7/11/2022 20:00,0.540661244,13.1770624,4.34830894
7/11/2022 21:00,0.475693874,13.18893743,4.065813816
7/11/2022 22:00,0.451960617,13.18117783,3.208506147
7/11/2022 23:00,0.651025336,13.15743762,5.782980416
7/12/2022 0:00,0.712084936,13.13912499,5.917058066
7/12/2022 1:00,0.672626083,13.10581243,6.557487567
7/12/2022 2:00,0.665878967,13.06563648,7.058426353
7/12/2022 3:00,0.617301929,13.0328126,7.969360554
7/12/2022 4:00,0.639272361,13.01018745,6.998694658
7/12/2022 5:00,0.640080352,12.962125,7.327669307
7/12/2022 6:00,0.645137669,12.92058463,6.97826394
7/12/2022 7:00,0.639102011,12.90731245,6.644954605
7/12/2022 8:00,0.616768698,12.89887506,5.500030933
7/12/2022 9:00,0.599741402,12.90137506,6.679600907
7/12/2022 10:00,0.578748834,12.91084182,7.195465698
7/12/2022 11:00,0.584813379,12.92349994,6.85383094
7/12/2022 12:00,0.599922003,12.89487511,5.661656828
7/12/2022 13:00,0.609364552,12.87813524,5.670294451
7/12/2022 14:00,0.638626511,12.86050004,5.909117375
7/12/2022 15:00,0.70588214,12.84649992,5.424141912
7/12/2022 16:00,0.737276061,12.83306253,5.486264738
7/12/2022 17:00,0.772498514,12.84126093,5.972365935
7/12/2022 18:00,0.739321205,12.82875013,7.057973461
7/12/2022 19:00,0.748732155,12.83512509,7.261475732
7/12/2022 20:00,0.85006065,12.84268749,6.828518718
7/12/2022 21:00,1.065856201,12.85311051,6.240711015
7/12/2022 22:00,1.168181612,12.88387501,7.867631339
7/12/2022 23:00,1.419308366,12.92787486,8.822890168
7/13/2022 0:00,1.680563253,12.9435001,8.700612193
7/13/2022 1:00,1.797186641,12.95576169,8.592116735
7/13/2022 2:00,1.697441713,12.95387512,9.234258259
7/13/2022 3:00,1.620039314,12.93443751,8.761367885
7/13/2022 4:00,1.536009649,12.95359276,7.977954531
7/13/2022 5:00,1.437325242,12.96668756,7.654618597
7/13/2022 6:00,1.380960281,12.97337502,9.02319316
7/13/2022 7:00,1.416880754,12.98256242,8.368340931
7/13/2022 8:00,1.38035995,13.00419333,8.788437126
7/13/2022 9:00,1.279018018,13.02618754,7.795528781
7/13/2022 10:00,1.106431288,13.05018747,7.154744851
7/13/2022 11:00,1.047890955,13.05818755,6.92497892
7/13/2022 12:00,1.012565534,13.06385982,7.518381335
7/13/2022 13:00,1.12458265,13.05662513,8.005309715
7/13/2022 14:00,1.153480386,13.03950006,8.539106522
7/13/2022 15:00,1.159801374,13.03381252,8.330644002
7/13/2022 16:00,1.144475181,13.02218634,8.350934367
7/13/2022 17:00,1.028976671,13.01000005,9.270607851
7/13/2022 18:00,0.892452676,13.00300002,9.399473607
7/13/2022 19:00,0.805490438,13.00993758,9.33427089
7/13/2022 20:00,0.439119667,13.00949997,6.74658166
7/13/2022 21:00,0.506311098,13.00031245,7.696287784
7/13/2022 22:00,0.533653218,12.99875003,7.003566506
7/13/2022 23:00,0.589816913,12.99949808,6.598446036
7/14/2022 0:00,0.839223048,13,6.114305151
7/14/2022 1:00,1.021520961,13.00774986,6.116480585
7/14/2022 2:00,0.866822775,13.00887501,6.06832036
7/14/2022 3:00,0.891365967,13.00928038,5.841445271
7/14/2022 4:00,1.055223299,13.01806259,4.053939133
7/14/2022 5:00,1.232975277,13.02906251,3.700459743
7/14/2022 6:00,1.248019966,13.02556247,2.83708472
7/14/2022 7:00,1.184011536,13.02106053,2.872061737
7/14/2022 8:00,1.098230952,13.01850009,2.02711412
7/14/2022 9:00,1.042097348,13.00856245,0.71878616
7/14/2022 10:00,0.929481447,12.99107713,0.812697354
7/14/2022 11:00,0.986166374,12.96562505,0.702585696
7/14/2022 12:00,1.535016287,12.92562491,1.164656264
7/14/2022 13:00,1.516271572,12.90643746,1.890964495
7/14/2022 14:00,1.524064716,12.89962506,1.741966295
7/14/2022 15:00,1.412798393,12.90525001,1.45080037
7/14/2022 16:00,0.986710064,12.88937491,2.506751575
7/14/2022 17:00,0.726843879,12.82975,2.457269154
7/14/2022 18:00,0.550153032,12.78604333,1.632592802
7/14/2022 19:00,0.530473278,12.87743759,1.875354174
7/14/2022 20:00,0.461493753,12.86943752,2.978823767
7/14/2022 21:00,0.466123218,12.81193739,3.068930215
7/14/2022 22:00,0.480965629,12.78178138,3.14347604
7/14/2022 23:00,0.450212784,12.76343739,3.504190275
7/15/2022 0:00,0.415466126,12.77887511,2.239586653
7/15/2022 1:00,0.533273973,12.7500918,3.16508484
7/15/2022 2:00,1.128972954,12.762375,3.62898902
7/15/2022 3:00,1.092731312,12.81674999,2.752646907
7/15/2022 4:00,0.805933488,12.8459999,2.558571747
7/15/2022 5:00,1.222989613,12.85707469,2.360650954
7/15/2022 6:00,1.157030117,12.83581257,1.728702209
7/15/2022 7:00,0.811014019,12.84387511,1.695421966
7/15/2022 8:00,0.614192378,12.85324997,1.358658363
7/15/2022 9:00,0.570647525,12.83067386,1.845257336
7/15/2022 10:00,0.463248075,12.82406241,1.366276927
7/15/2022 11:00,0.412143172,12.82012492,1.543111466
7/15/2022 12:00,0.451027767,12.7915625,2.232191935
7/15/2022 13:00,0.50390705,12.75981358,2.310842712
7/15/2022 14:00,0.523191211,12.76287496,2.374853202
7/15/2022 15:00,0.446355651,12.75749993,3.020453927
7/15/2022 16:00,0.361942801,12.74749989,2.580138174
7/15/2022 17:00,0.284137383,12.73206246,3.155426396
7/15/2022 18:00,0.309718306,12.73612505,3.687591101
7/15/2022 19:00,0.282992569,12.7373752,2.8615991
7/15/2022 20:00,0.264377259,12.75160877,2.87136612
7/15/2022 21:00,0.24297945,12.75874996,2.33771667
7/15/2022 22:00,0.262731128,12.77212501,2.45439929
7/15/2022 23:00,0.307763118,12.76862508,3.410933867
7/16/2022 0:00,0.315477385,12.75540196,4.184337167
7/16/2022 1:00,0.43003038,12.76056248,3.534867242
7/16/2022 2:00,0.512048564,12.77356255,2.918441564
7/16/2022 3:00,0.574324451,12.75818753,3.731460902
7/16/2022 4:00,0.569874101,12.74867486,4.029765733
7/16/2022 5:00,0.735223377,12.73618758,4.37925479
7/16/2022 6:00,0.980535666,12.75406241,4.530138618
7/16/2022 7:00,0.890609043,12.7843721,5.740703766
7/16/2022 8:00,0.772661253,12.79624987,5.366380137
7/16/2022 9:00,0.662995001,12.80749989,5.897785057
7/16/2022 10:00,0.787488238,12.82193738,5.884062502
7/16/2022 11:00,0.833042008,12.84579216,5.593763183
7/16/2022 12:00,0.906737736,12.85387492,6.196491299
7/16/2022 13:00,0.807495949,12.86031264,5.176864335
7/16/2022 14:00,0.615959479,12.8636874,4.183841233
7/16/2022 15:00,0.570823888,12.83748109,4.750624254
7/16/2022 16:00,0.493583737,12.86874992,4.76918498
7/16/2022 17:00,0.470409988,12.88818753,4.767942919
7/16/2022 18:00,0.432205019,12.8878125,4.917838415
7/16/2022 19:00,0.424922485,12.87061384,4.654025241
7/16/2022 20:00,0.43144135,12.88562495,4.162243998
7/16/2022 21:00,0.439295056,12.93849999,4.356449156
7/16/2022 22:00,0.476448716,12.96561425,4.483650341
7/16/2022 23:00,0.453570238,12.99881244,4.524613361
7/17/2022 0:00,0.465060222,12.995125,4.557226114
7/17/2022 1:00,0.513209097,13.01206249,4.584476533
7/17/2022 2:00,0.50739572,13.03626141,5.340967348
7/17/2022 3:00,0.492905934,13.03999996,5.047610911
7/17/2022 4:00,0.4536831,13.06256258,5.380690699
7/17/2022 5:00,0.424400084,13.06656259,5.241692839
7/17/2022 6:00,0.427353308,13.0350547,5.736033267
7/17/2022 7:00,0.427030122,13.03437501,6.571865343
7/17/2022 8:00,0.416048722,13.04012495,3.499000822
7/17/2022 9:00,0.42288494,13.07893753,2.715458195
7/17/2022 10:00,0.412910659,13.10566096,2.877874966
7/17/2022 11:00,0.394553752,13.05162495,4.183405331
7/17/2022 12:00,0.418141067,13.06699997,3.751209975
7/17/2022 13:00,0.437292983,13.04458179,3.034318671
7/17/2022 14:00,0.43908794,13.05774999,3.194437499
7/17/2022 15:00,0.44777373,13.10062504,2.660077742
7/17/2022 16:00,0.466413382,13.07275003,3.137636572
7/17/2022 17:00,0.330359892,13.04920868,3.242175962
7/17/2022 18:00,0.252129451,13.0257501,4.35571201
7/17/2022 19:00,0.269181632,13.01556247,2.574483464
7/17/2022 20:00,0.241790262,13.0116874,2.769901375
7/17/2022 21:00,0.235227061,13.01124342,3.063423027
7/17/2022 22:00,0.231596736,13.00562495,2.596139702
7/17/2022 23:00,0.250192071,13.00050002,2.860064782
7/18/2022 0:00,0.297006704,12.9940626,3.411233055
7/18/2022 1:00,0.378823873,12.99031258,3.624771682
7/18/2022 2:00,0.539293849,12.9887501,2.704868864
7/18/2022 3:00,0.580887732,12.98693764,3.039469723
7/18/2022 4:00,0.557378089,12.98147921,2.01370743
7/18/2022 5:00,0.503977968,12.97906238,1.783747637
7/18/2022 6:00,0.495616969,12.97056258,1.852200287
7/18/2022 7:00,0.43395902,12.96574992,2.274437916
7/18/2022 8:00,0.459042238,12.96150011,2.347785116
7/18/2022 9:00,0.461298121,12.9600001,3.973308221
7/18/2022 10:00,0.48077406,12.95581257,2.554291807
7/18/2022 11:00,0.45498779,12.94449979,0.842722207
7/18/2022 12:00,0.449599199,12.93870741,1.430340407
7/18/2022 13:00,0.530939967,12.9198125,1.38257385
7/18/2022 14:00,0.62503738,12.89387506,2.68672597
7/18/2022 15:00,0.619582767,12.87681246,2.909417588
7/18/2022 16:00,0.631894861,12.87466143,2.415632898
7/18/2022 17:00,0.608059994,12.88562494,2.822726048
7/18/2022 18:00,0.741047089,12.8986876,4.73289259
7/18/2022 19:00,0.701954814,12.90542579,6.494904048
7/18/2022 20:00,0.612630892,12.91956246,2.740227078
7/18/2022 21:00,0.649018366,12.96512491,1.188148946
7/18/2022 22:00,0.681101696,12.99443752,2.145709269
7/18/2022 23:00,0.765229191,12.99629227,3.175134442
7/19/2022 0:00,0.825814358,12.99562496,2.465780658
7/19/2022 1:00,0.846708525,12.99518752,2.151871674
7/19/2022 2:00,0.872929655,12.99168766,1.266254087
7/19/2022 3:00,0.945706962,12.98693938,3.280426756
7/19/2022 4:00,0.820308508,12.9806875,2.558232164
7/19/2022 5:00,0.694158802,12.97812492,2.598629675
7/19/2022 6:00,0.691067991,12.97187489,2.954224536
7/19/2022 7:00,0.660623923,12.96943742,2.546805285
7/19/2022 8:00,0.715643261,12.96381241,2.162862408
7/19/2022 9:00,0.846399838,12.95500016,2.177988355
7/19/2022 10:00,0.819964641,12.94928389,2.330561771
7/19/2022 11:00,0.738649296,12.94106245,2.30300968
7/19/2022 12:00,0.685284782,12.92912501,2.101092711
7/19/2022 13:00,0.691626394,12.92637503,1.78978253
7/19/2022 14:00,0.710685391,12.90982554,1.592800982
7/19/2022 15:00,0.761118598,12.89368743,2.643961233
7/19/2022 16:00,0.778767665,12.87531257,2.679797764
7/19/2022 17:00,0.832141422,12.86656261,2.497753892
7/19/2022 18:00,0.712734225,12.86518184,3.084111784
7/19/2022 19:00,0.737465616,12.85975009,5.401670331
7/19/2022 20:00,0.669457639,12.86037499,5.643835673
7/19/2022 21:00,0.691663663,12.86825001,5.230260449
7/19/2022 22:00,0.759941934,12.88042507,5.557869371
7/19/2022 23:00,0.926084022,12.89299995,5.318180598
7/20/2022 0:00,1.310185961,12.90824998,6.247498316
7/20/2022 1:00,1.688071745,12.92156238,5.862462468
7/20/2022 2:00,1.910338428,12.94137496,5.248334611
7/20/2022 3:00,2.170155552,12.97943753,5.355110705
7/20/2022 4:00,2.214820497,13.02106243,4.704833935
7/20/2022 5:00,2.251012847,13.05871197,5.444059793
7/20/2022 6:00,2.726543742,13.11687505,4.867442641
7/20/2022 7:00,3.658908966,13.14237499,4.644727096
7/20/2022 8:00,4.196636858,13.19193751,4.869957569
7/20/2022 9:00,3.36232654,13.21389847,4.513264045
7/20/2022 10:00,2.449690376,13.28650004,4.220272316
7/20/2022 11:00,2.583474198,13.34106261,3.365493303
7/20/2022 12:00,2.694193345,13.36012507,2.928652924
7/20/2022 13:00,2.364690438,13.48830225,3.197064805
7/20/2022 14:00,2.03579328,13.49743766,3.52332391
7/20/2022 15:00,1.494222015,13.56643742,2.941148885
7/20/2022 16:00,1.158119797,13.62534831,1.882329206
7/20/2022 17:00,0.628014461,13.63656253,0.682521891
7/20/2022 18:00,1.021658833,13.67725003,0.706924222
7/20/2022 19:00,0.825870013,13.68768752,1.484543597
7/20/2022 20:00,1.424837462,13.74328758,2.38995776
7/20/2022 21:00,1.765191929,13.76849997,2.594273705
7/20/2022 22:00,1.631502402,13.87256259,3.517684429
7/20/2022 23:00,2.109803925,14.02931243,3.250117113
7/21/2022 0:00,1.649582038,14.05012395,2.922747161
7/21/2022 1:00,2.602731436,14.00924993,2.815012122
7/21/2022 2:00,2.285103833,13.94468743,3.200583036
7/21/2022 3:00,1.739532884,13.94893742,1.079156714
7/21/2022 4:00,0.965494691,13.94418756,1.654010604
7/21/2022 5:00,0.679213954,13.83687502,1.842796302
7/21/2022 6:00,0.667240395,13.7158125,2.032920463
7/21/2022 7:00,0.662712613,13.57718748,1.134499624
7/21/2022 8:00,0.677834385,13.47874999,1.538332287
7/21/2022 9:00,0.714866909,13.44749993,2.030735723
7/21/2022 10:00,0.683145258,13.44968754,3.05079513
7/21/2022 11:00,0.705752513,13.46624853,2.216619723
7/21/2022 12:00,0.795974784,13.46762502,2.539985428
7/21/2022 13:00,0.816334671,13.46906239,4.055721111
7/21/2022 14:00,0.706653495,13.52812499,3.197358169
7/21/2022 15:00,0.676056585,13.55380844,3.597490108
7/21/2022 16:00,0.743105931,13.53893757,4.661522717
7/21/2022 17:00,0.738966543,13.46906257,4.862575163
7/21/2022 18:00,0.668548269,13.40575004,7.758316951
7/21/2022 19:00,0.678767125,13.28840094,8.857139573
7/21/2022 20:00,0.628891862,13.27562499,8.675246676
7/21/2022 21:00,0.631430876,13.1953125,8.554252641
7/21/2022 22:00,0.685037647,13.18381329,8.683182391
7/21/2022 23:00,0.801813269,13.18143749,9.094754112
7/22/2022 0:00,0.71322472,13.18306261,9.551616859
7/22/2022 1:00,0.71572163,13.20387494,8.848977907
7/22/2022 2:00,0.624811202,13.25520015,8.287600847
7/22/2022 3:00,0.611209758,13.25681245,7.274546934
7/22/2022 4:00,0.607361208,13.23006243,7.182121374
7/22/2022 5:00,0.569266772,13.19081265,6.283497781
7/22/2022 6:00,0.589461517,13.16504764,6.67225889
7/22/2022 7:00,0.596114937,13.15224993,6.613137745
7/22/2022 8:00,0.636483612,13.13937485,7.373400059
7/22/2022 9:00,1.039303567,13.13081258,7.094348283
7/22/2022 10:00,0.724250957,13.121781,7.477724293
7/22/2022 11:00,0.624853028,13.13306248,8.002416044
7/22/2022 12:00,0.58976896,13.1523127,7.562116586
7/22/2022 13:00,0.586802836,13.15336074,7.672742436
7/22/2022 14:00,0.85264025,13.13649988,7.669427522
7/22/2022 15:00,0.739838693,13.12399984,7.379787946
7/22/2022 16:00,0.653671476,13.08943755,6.137163401
7/22/2022 17:00,0.620146045,13.04360367,6.09302095
7/22/2022 18:00,0.446000091,13.03256244,5.627746919
7/22/2022 19:00,0.479811997,13.02975011,5.139552693
7/22/2022 20:00,0.445338241,13.05787498,4.756425778
7/22/2022 21:00,0.391267987,13.22512274,3.795035676
7/22/2022 22:00,0.448717141,13.24368745,3.338591262
7/22/2022 23:00,0.491899701,13.23006249,3.50150853
7/23/2022 0:00,0.519113536,13.20893752,3.637959985
7/23/2022 1:00,0.546069507,13.18650059,4.09050997
7/23/2022 2:00,0.548667039,13.15531248,4.349488806
7/23/2022 3:00,0.547805078,13.12962496,4.74494835
7/23/2022 4:00,0.544260132,13.08992974,5.271659836
7/23/2022 5:00,0.553732128,13.13868755,5.286406772
7/23/2022 6:00,0.54803937,13.32099986,4.734068935
7/23/2022 7:00,0.507108133,13.57731259,6.000689482
7/23/2022 8:00,0.48262741,13.62714623,6.39156584
7/23/2022 9:00,0.474968738,13.6279375,6.186051653
7/23/2022 10:00,0.447219376,13.61324996,6.093005257
7/23/2022 11:00,0.438951152,13.5788126,5.700002088
7/23/2022 12:00,0.431924464,13.61370396,3.473897796
7/23/2022 13:00,0.431879292,13.63206249,3.650482198
7/23/2022 14:00,0.468780529,13.634875,4.154266589
7/23/2022 15:00,0.502704582,13.62881255,4.683393417
7/23/2022 16:00,0.5726652,13.62106264,4.394396907
7/23/2022 17:00,0.602530102,13.62781251,3.316194519
7/23/2022 18:00,0.427815983,13.5997501,3.367898711
7/23/2022 19:00,0.40476686,13.61971641,1.534650994
7/23/2022 20:00,0.442600449,13.65156245,1.019164928
7/23/2022 21:00,0.469969693,13.62106246,2.252021724
7/23/2022 22:00,0.454632145,13.53912497,2.552805869
7/23/2022 23:00,0.469541367,13.44256258,2.549082033
7/24/2022 0:00,0.511311778,13.46487492,3.913386893
7/24/2022 1:00,0.524553599,13.48462516,4.9306514
7/24/2022 2:00,0.505327584,13.51362503,3.921899069
7/24/2022 3:00,0.496697664,13.52202386,3.148983303
7/24/2022 4:00,0.506628062,13.52087492,4.472371565
7/24/2022 5:00,0.59627135,13.52037501,3.386875911
7/24/2022 6:00,0.560997065,13.53743744,2.822951178
7/24/2022 7:00,0.860058366,13.5576051,2.239779748
7/24/2022 8:00,0.789079849,13.55231256,3.359833463
7/24/2022 9:00,0.616856811,13.569125,4.545035069
7/24/2022 10:00,0.721969228,13.60636756,3.872919269
7/24/2022 11:00,0.599265802,13.60225004,3.633150735
7/24/2022 12:00,0.727799519,13.59068751,4.731691577
7/24/2022 13:00,0.924170442,13.54593742,6.076758424
7/24/2022 14:00,1.0316085,13.47049742,5.144102611
7/24/2022 15:00,1.061367755,13.4855625,5.807818301
7/24/2022 16:00,1.016405216,13.53031248,5.570870646
7/24/2022 17:00,0.955221737,13.60975003,5.703645687
7/24/2022 18:00,0.829385672,13.62331259,6.231843941
7/24/2022 19:00,0.593165077,13.63574988,6.729177652
7/24/2022 20:00,0.467938737,13.62012505,6.025781058
7/24/2022 21:00,0.478554096,13.61912513,5.849459716
7/24/2022 22:00,0.406764947,13.63652963,5.427413253
7/24/2022 23:00,0.413800216,13.68624991,3.592348735
7/25/2022 0:00,0.467901061,13.64118749,3.75093604
7/25/2022 1:00,0.544836981,13.59190862,3.70408342
7/25/2022 2:00,0.614457035,13.54643756,2.718873056
7/25/2022 3:00,1.001775915,13.52093738,2.750318571
7/25/2022 4:00,2.456213042,13.48618752,2.354009045
7/25/2022 5:00,2.78152579,13.43364105,3.36672472
7/25/2022 6:00,2.259680382,13.4891876,3.325043622
7/25/2022 7:00,1.723179899,13.4696874,3.227189332
7/25/2022 8:00,1.45101052,13.46106255,4.192780231
7/25/2022 9:00,1.217247687,13.44895849,3.9092643
7/25/2022 10:00,1.143303158,13.42799997,3.58570746
7/25/2022 11:00,1.087589061,13.42800003,3.718406131
7/25/2022 12:00,1.068955638,13.42418742,4.464510718
7/25/2022 13:00,1.123537957,13.41942161,4.464240636
7/25/2022 14:00,1.213845277,13.42581248,3.567527333
7/25/2022 15:00,1.04233984,13.45093763,2.816157705
7/25/2022 16:00,0.887225432,13.42244334,1.867502275
7/25/2022 17:00,0.747932389,13.37156254,4.283875975
7/25/2022 18:00,0.707363232,13.35975003,4.541350611
7/25/2022 19:00,1.035747064,13.36906243,4.308291743
7/25/2022 20:00,4.225781235,13.390955,5.306008276
7/25/2022 21:00,6.310858572,13.40862501,5.044299007
7/25/2022 22:00,7.34744712,13.41406244,6.016308055
7/25/2022 23:00,10.53572204,13.42956263,5.966070875
7/26/2022 0:00,10.26592617,13.41938343,6.390842503
7/26/2022 1:00,10.07131929,13.42562485,7.205256842
7/26/2022 2:00,9.568211175,13.44087499,6.802171601
7/26/2022 3:00,9.82815285,13.44187498,6.278618132
7/26/2022 4:00,9.674859235,13.43636002,5.791600987
7/26/2022 5:00,9.283222023,13.43356258,6.036671787
7/26/2022 6:00,9.036175207,13.43400008,5.741458738
7/26/2022 7:00,8.57389832,13.42695381,4.448343753
7/26/2022 8:00,8.70502871,13.42531252,3.646136478
7/26/2022 9:00,8.544845028,13.42756254,3.14592257
7/26/2022 10:00,8.305992598,13.43418759,2.966668415
7/26/2022 11:00,7.197953792,13.43620296,3.245140694
7/26/2022 12:00,6.913139333,13.41737497,2.723197236
7/26/2022 13:00,6.013870045,13.38918745,2.722788252
7/26/2022 14:00,5.801937122,13.36975008,1.940093092
7/26/2022 15:00,5.277965667,13.34251447,2.308431394
7/26/2022 16:00,5.182325219,13.30774999,1.893450006
7/26/2022 17:00,4.921294511,13.26893753,1.39556153
7/26/2022 18:00,5.589093295,13.231875,1.913062673
7/26/2022 19:00,6.572612354,13.20641905,1.243723625
7/26/2022 20:00,6.719650534,13.19637495,1.237407543
7/26/2022 21:00,7.876287537,13.17824996,1.366042441
7/26/2022 22:00,7.739487718,13.17422611,2.397294614
7/26/2022 23:00,8.266850859,13.15749997,2.83781217
7/27/2022 0:00,8.24152155,13.13574988,2.688868198
7/27/2022 1:00,8.656403222,13.12387502,2.133236136
7/27/2022 2:00,7.912034571,13.15330691,2.349919309
7/27/2022 3:00,6.421146881,13.15275002,1.986835746
7/27/2022 4:00,6.528763712,13.1608125,1.785644615
7/27/2022 5:00,5.578741502,13.16125006,4.968089304
7/27/2022 6:00,4.365607545,13.17401663,4.728705445
7/27/2022 7:00,3.764572707,13.16912496,5.297405469
7/27/2022 8:00,3.670366754,13.17206246,5.603635278
7/27/2022 9:00,4.700062068,13.17543751,5.220052755
7/27/2022 10:00,3.946255791,13.19721246,5.102354198
7/27/2022 11:00,4.365735731,13.22881258,5.346154757
7/27/2022 12:00,9.780898465,13.23681254,5.560635514
7/27/2022 13:00,11.85072644,13.23914096,5.523317369
7/27/2022 14:00,13.10189485,13.24706251,5.30813574
7/27/2022 15:00,12.00045956,13.282125,5.433733706
7/27/2022 16:00,12.22062739,13.30193746,5.778881508
7/27/2022 17:00,9.23205718,13.34411586,5.562918374
7/27/2022 18:00,10.95425144,13.37424994,5.879082458
7/27/2022 19:00,12.34110494,13.41687501,5.877992625
7/27/2022 20:00,12.88453278,13.43899989,6.135994015
7/27/2022 21:00,11.58941635,13.48616419,5.878716556
7/27/2022 22:00,11.48145156,13.53281248,5.824413883
7/27/2022 23:00,13.69509703,13.49412501,3.718157868
7/28/2022 0:00,14.82610338,13.49331248,3.602072309
7/28/2022 1:00,14.8901249,13.5226954,3.769682259
7/28/2022 2:00,11.42221342,13.58418751,2.88873863
7/28/2022 3:00,6.143554984,13.65893745,2.403604763
7/28/2022 4:00,3.384544519,13.76995255,3.054546378
7/28/2022 5:00,3.922046994,13.82831252,3.037216872
7/28/2022 6:00,2.634288588,13.90662497,2.597089984
7/28/2022 7:00,4.969747647,13.88299996,1.648526781
7/28/2022 8:00,10.75541887,13.95004317,2.119411462
7/28/2022 9:00,10.22356826,14.00043744,2.470091878
7/28/2022 10:00,8.278589688,14.07018751,1.46769425
7/28/2022 11:00,10.78243953,13.9857499,1.06584839
7/28/2022 12:00,9.989462655,13.95992362,1.914037285
7/28/2022 13:00,10.16553907,13.93193746,2.480391373
7/28/2022 14:00,9.636454893,14.22237504,3.810439801
7/28/2022 15:00,13.98821224,14.0486877,4.153636866
7/28/2022 16:00,13.16016209,13.93597389,4.547660853
7/28/2022 17:00,6.59041737,14.18018752,4.623598098
7/28/2022 18:00,12.01272574,14.11275005,4.298031516
7/28/2022 19:00,15.55838918,13.92752233,4.441273745
7/28/2022 20:00,12.32327564,13.94106233,4.336524413
7/28/2022 21:00,5.883104213,14.37624985,4.089650087
7/28/2022 22:00,4.854641625,14.20712501,4.062214269
7/28/2022 23:00,5.755822512,14.18451307,3.916992662
7/29/2022 0:00,8.140724863,14.1648125,4.027729295
7/29/2022 1:00,7.484943847,13.93118745,4.197876628
7/29/2022 2:00,8.69183491,13.768125,4.172531145
7/29/2022 3:00,7.705483486,13.82315517,4.226181567
7/29/2022 4:00,10.84810794,13.77125001,3.805667246
7/29/2022 5:00,11.59394779,13.68862504,4.084827286
7/29/2022 6:00,11.30132016,13.72756249,5.126568948
7/29/2022 7:00,11.91018614,13.5970627,5.383137559
7/29/2022 8:00,6.85573732,13.58581245,5.408553077
7/29/2022 9:00,6.322410328,13.56418747,5.657268019
7/29/2022 10:00,4.034513334,13.58717216,5.800183384
7/29/2022 11:00,2.725466717,13.50337505,5.471880957
7/29/2022 12:00,1.788702303,13.53112507,5.838368849
7/29/2022 13:00,2.110453927,13.64437515,4.57557588
7/29/2022 14:00,2.24167865,13.7616,5.154347207
7/29/2022 15:00,4.274422954,13.78437513,4.576340429
7/29/2022 16:00,5.109395413,13.78437501,4.504642709
7/29/2022 17:00,7.841619229,13.74774999,4.617035827
7/29/2022 18:00,9.965252082,13.69482602,4.651857858
7/29/2022 19:00,11.72342659,13.60768747,4.623087455
7/29/2022 20:00,12.84641358,13.5013749,3.841011644
7/29/2022 21:00,13.52793844,13.39499998,3.639240379
7/29/2022 22:00,13.73654672,13.39897661,3.720378962
7/29/2022 23:00,9.192367273,13.45450008,4.76482432
7/30/2022 0:00,5.175702512,13.44043744,4.624931368
7/30/2022 1:00,2.495677004,13.35670699,4.500431957
7/30/2022 2:00,2.074890441,13.26262498,4.828349632
7/30/2022 3:00,2.802485474,13.2766875,4.997190475
7/30/2022 4:00,3.133486273,13.26968747,5.480327753
7/30/2022 5:00,3.890451047,13.22458865,5.832315005
7/30/2022 6:00,4.299291567,13.20756263,5.521068975
7/30/2022 7:00,4.499517279,13.24018741,4.955159044
7/30/2022 8:00,4.74295747,13.33843756,4.694927929
7/30/2022 9:00,6.225414982,13.36552555,5.251988576
7/30/2022 10:00,4.995339257,13.42500001,4.975904208
7/30/2022 11:00,4.429376435,13.42781246,5.221165314
7/30/2022 12:00,3.89460649,13.45206249,5.777610005
7/30/2022 13:00,4.193429134,13.45212558,6.181282725
7/30/2022 14:00,4.200251014,13.44912499,6.330434412
7/30/2022 15:00,3.820127928,13.46837503,6.279356623
7/30/2022 16:00,4.486193521,13.48115078,5.944317753
7/30/2022 17:00,4.796045135,13.49624998,6.005947436
7/30/2022 18:00,4.86792479,13.50812495,6.298354241
7/30/2022 19:00,5.470262101,13.49718756,6.762064817
7/30/2022 20:00,4.853866082,13.47742911,7.783866269
7/30/2022 21:00,4.435764982,13.42693752,8.255912655
7/30/2022 22:00,3.023842357,13.35931248,8.794688315
7/30/2022 23:00,3.10826999,13.33843756,8.975626799
7/31/2022 0:00,2.53856406,13.33120049,9.005676293
7/31/2022 1:00,3.514275453,13.33474994,9.448126246
7/31/2022 2:00,3.382423349,13.33950007,9.483312157
7/31/2022 3:00,3.347855601,13.3476249,9.309346104
7/31/2022 4:00,3.636715552,13.35895,8.378216124
7/31/2022 5:00,3.561234952,13.3600626,8.20086499
7/31/2022 6:00,3.27446163,13.34831244,8.77509388
7/31/2022 7:00,3.87123667,13.35667918,9.395605428
7/31/2022 8:00,3.46576743,13.40756256,8.119731228
7/31/2022 9:00,3.367245685,13.52018756,7.950571259
7/31/2022 10:00,3.290126142,13.51931244,6.58223682
7/31/2022 11:00,3.210571075,13.65326228,5.034327436
7/31/2022 12:00,2.57238031,13.5924375,5.903024743
7/31/2022 13:00,2.048587924,13.52075016,6.91012396
7/31/2022 14:00,2.12663444,13.55606246,7.918150872
7/31/2022 15:00,2.99657668,13.63607518,7.910583716
7/31/2022 16:00,4.100720995,13.70343739,6.286104761
7/31/2022 17:00,5.26573813,13.7789377,6.467046882
7/31/2022 18:00,5.62094496,13.83393759,7.273948376
7/31/2022 19:00,5.553551989,13.87687474,6.275646135
7/31/2022 20:00,7.768678707,13.9593125,4.091398618
7/31/2022 21:00,6.265877142,14.03893751,3.668629089
7/31/2022 22:00,4.664274258,14.0767406,5.503267035
7/31/2022 23:00,5.747193731,14.0990625,4.794807703
8/1/2022 0:00,5.25861404,14.16206247,4.963813454
8/1/2022 1:00,5.041845525,14.20281267,4.668810742
8/1/2022 2:00,2.0993092,14.22471928,4.606954698
8/1/2022 3:00,2.805798842,14.24118751,2.944574271
8/1/2022 4:00,2.093985924,14.24999988,2.676213095
8/1/2022 5:00,2.729182516,14.29418761,2.38143983
8/1/2022 6:00,2.495267962,14.17355392,2.499722171
8/1/2022 7:00,3.465534144,14.14481246,3.897394639
8/1/2022 8:00,3.309247097,14.14350003,3.826381583
8/1/2022 9:00,2.976411784,14.15312499,2.829068408
8/1/2022 10:00,2.165230796,14.12987325,2.329705082
8/1/2022 11:00,3.077028927,14.07200009,1.508626577
8/1/2022 12:00,2.527421031,13.90375,1.509937347
8/1/2022 13:00,2.360331664,13.85120371,2.714931191
8/1/2022 14:00,1.892509523,13.91200006,3.224797585
8/1/2022 15:00,1.477209973,13.84443748,2.953835909
8/1/2022 16:00,1.573100026,13.89024997,2.952852957
8/1/2022 17:00,2.113571878,14.00871049,2.262320412
8/1/2022 18:00,1.952328984,13.94406241,3.517059376
8/1/2022 19:00,1.891374165,13.90181243,4.130284087
8/1/2022 20:00,1.312353851,13.86299998,4.606695259
8/1/2022 21:00,1.861590662,13.89191158,3.90841591
8/1/2022 22:00,1.703166878,13.87549997,4.96949879
8/1/2022 23:00,1.787914097,13.8439374,4.930298931
8/2/2022 0:00,2.02005134,13.77643758,4.058156413
8/2/2022 1:00,1.752617388,13.72669346,3.901513594
8/2/2022 2:00,1.582803591,13.70212495,4.099006258
8/2/2022 3:00,1.756250531,13.71087497,4.056101251
8/2/2022 4:00,1.462001269,13.6993383,3.202839405
8/2/2022 5:00,1.199101532,13.66162497,3.918879366
8/2/2022 6:00,1.219777938,13.62300003,3.812414201
8/2/2022 7:00,1.090045355,13.75087506,3.735501791
8/2/2022 8:00,1.082713078,13.83287826,3.277040567
8/2/2022 9:00,1.109950502,13.82837504,3.762180224
8/2/2022 10:00,0.973515753,13.78806251,3.890373748
8/2/2022 11:00,0.920094868,13.75943744,3.966971457
8/2/2022 12:00,1.056999922,13.73326277,3.534404025
8/2/2022 13:00,0.88685232,13.68356258,3.391490771
8/2/2022 14:00,0.720342847,13.64918762,3.1088711
8/2/2022 15:00,0.70309235,13.63700003,4.391959257
8/2/2022 16:00,0.784699361,13.64324754,4.836123599
8/2/2022 17:00,0.820059576,13.63524991,3.486003547
8/2/2022 18:00,0.651237398,13.6418125,3.232049721
8/2/2022 19:00,0.615697578,13.63656246,2.994098059
8/2/2022 20:00,0.641543298,13.62743747,3.763173429
8/2/2022 21:00,0.691802886,13.61618758,4.25759394
8/2/2022 22:00,0.702793446,13.59862512,4.658665896
8/2/2022 23:00,0.731229437,13.59825392,4.663197567
8/3/2022 0:00,0.866963828,13.58843756,4.479344088
8/3/2022 1:00,0.974443447,13.57743752,4.862434384
8/3/2022 2:00,1.016043688,13.56081247,3.932481145
8/3/2022 3:00,0.993203866,13.55106448,4.21121269
8/3/2022 4:00,1.062090491,13.54056245,4.26562833
8/3/2022 5:00,0.990397739,13.53131247,4.276662808
8/3/2022 6:00,0.954680725,13.51668751,4.240992115
8/3/2022 7:00,0.968080723,13.50475872,4.703941947
8/3/2022 8:00,0.884869995,13.50012493,5.23551429
8/3/2022 9:00,0.885224408,13.51662487,4.711219436
8/3/2022 10:00,0.773636803,13.5254285,4.122403699
8/3/2022 11:00,0.74091218,13.5228126,3.885529467
8/3/2022 12:00,0.711985429,13.52256257,4.769787287
8/3/2022 13:00,0.710302076,13.52268749,5.099510255
8/3/2022 14:00,0.740045567,13.52281249,4.911038941
8/3/2022 15:00,0.804265519,13.52031255,4.925072587
8/3/2022 16:00,0.933533205,13.51968759,5.95762694
8/3/2022 17:00,0.978906351,13.52462506,6.691338287
8/3/2022 18:00,1.080446519,13.52934941,5.562635874
8/3/2022 19:00,1.111331817,13.53006238,4.381903311
8/3/2022 20:00,0.990304743,13.51443738,4.36025347
8/3/2022 21:00,1.112374931,13.52862501,3.67832344
8/3/2022 22:00,1.477571317,13.55175084,3.288899758
8/3/2022 23:00,1.527307937,13.57006246,3.271525151
8/4/2022 0:00,1.750482891,13.57824999,3.661233971
8/4/2022 1:00,1.612409183,13.58248862,5.177449999
8/4/2022 2:00,1.438208273,13.59731257,3.90331455
8/4/2022 3:00,1.476978454,13.6411249,3.136288121
8/4/2022 4:00,1.433888183,13.64674991,2.868313335
8/4/2022 5:00,1.201402232,13.59531128,3.340865521
8/4/2022 6:00,1.241816088,13.60575003,3.839109205
8/4/2022 7:00,1.082374446,13.65412504,3.296618828
8/4/2022 8:00,0.977034635,13.68574995,2.780036203
8/4/2022 9:00,0.735653267,13.69237349,3.3721001
8/4/2022 10:00,0.832474126,13.75593746,3.229988135
8/4/2022 11:00,0.752677583,13.86656249,2.047513916
8/4/2022 12:00,0.814037418,13.95200002,1.264683111
8/4/2022 13:00,0.88246362,13.96900716,1.778103279
8/4/2022 14:00,0.880633132,13.96775001,1.544881038
8/4/2022 15:00,0.924363306,14.03218746,3.677964391
8/4/2022 16:00,0.982489545,13.99945672,4.002961368
8/4/2022 17:00,1.151635611,13.93681258,5.151049497
8/4/2022 18:00,1.231258878,13.8908124,5.8953104
8/4/2022 19:00,1.175592355,13.95256251,6.503786176
8/4/2022 20:00,1.230828266,14.08280951,7.217923425
8/4/2022 21:00,1.287805166,14.22049993,7.407234865
8/4/2022 22:00,1.30902302,14.18300003,7.688212616
8/4/2022 23:00,1.430794117,14.24024999,7.842912069
8/5/2022 0:00,1.547861709,14.26007175,7.209564978
8/5/2022 1:00,1.471464028,14.24831253,7.056809751
8/5/2022 2:00,1.4260791,14.25581241,7.571137802
8/5/2022 3:00,1.339334292,14.29231238,8.126961904
8/5/2022 4:00,1.29091034,14.22425525,8.546227114
8/5/2022 5:00,1.273600552,14.29325003,7.984000297
8/5/2022 6:00,1.252485626,14.30462491,8.803565897
8/5/2022 7:00,1.268632905,14.24665013,9.002621349
8/5/2022 8:00,1.276700256,14.40125006,9.685507939
8/5/2022 9:00,1.257263947,14.41650003,7.507755047
8/5/2022 10:00,1.258562481,14.53668749,7.524201017
8/5/2022 11:00,1.191048849,14.6075371,6.618802304
8/5/2022 12:00,1.206140266,14.74068749,6.918393428
8/5/2022 13:00,1.37137938,14.69349992,6.515940731
8/5/2022 14:00,1.446736757,14.66631246,6.578322591
8/5/2022 15:00,1.573836897,14.66228348,5.838923348
8/5/2022 16:00,1.428854774,14.5958125,4.892764831
8/5/2022 17:00,1.285736424,14.54524988,5.13787344
8/5/2022 18:00,1.68374586,14.52075005,4.896305601
8/5/2022 19:00,1.750237026,14.51280082,4.61431898
8/5/2022 20:00,1.72181972,14.50343752,4.312083839
8/5/2022 21:00,1.59731294,14.48674995,4.246626942
8/5/2022 22:00,1.741822634,14.47529605,3.719012475
8/5/2022 23:00,2.491711208,14.48681241,3.490242488
8/6/2022 0:00,2.971594521,14.47918749,4.302232455
8/6/2022 1:00,2.488917539,14.48343754,5.971407999
8/6/2022 2:00,2.539830632,14.47800219,6.082266583
8/6/2022 3:00,2.477390321,14.47393751,5.829710801
8/6/2022 4:00,2.302301244,14.47006244,5.242824277
8/6/2022 5:00,2.227942183,14.44093746,4.968848821
8/6/2022 6:00,2.258912991,14.41917839,5.169622027
8/6/2022 7:00,2.292231154,14.41424996,5.396412599
8/6/2022 8:00,2.193007741,14.4255625,5.65532495
8/6/2022 9:00,2.081505651,14.37462497,5.994318262
8/6/2022 10:00,2.085539824,14.37285082,5.882724746
8/6/2022 11:00,2.138701186,14.38781262,5.866049012
8/6/2022 12:00,2.25493709,14.32412505,5.381114414
8/6/2022 13:00,2.274117494,14.328125,4.951130201
8/6/2022 14:00,2.282105015,14.28487504,5.104281601
8/6/2022 15:00,2.137724353,14.27068752,5.464255922
8/6/2022 16:00,2.389928257,14.25693744,5.413336135
8/6/2022 17:00,2.693291694,14.27570755,6.219449653
8/6/2022 18:00,2.81720607,14.23724997,6.434968714
8/6/2022 19:00,2.761666989,14.19287497,7.143753243
8/6/2022 20:00,2.267512721,14.20000005,7.27532435
8/6/2022 21:00,0.849240167,14.18595373,7.670656351
8/6/2022 22:00,2.606210177,14.14875001,6.061751063
8/6/2022 23:00,4.382611369,14.12056249,5.78347986
8/7/2022 0:00,5.647368316,14.13274997,6.008767906
8/7/2022 1:00,4.993789001,14.12413394,4.985411036
8/7/2022 2:00,4.127786396,14.11937499,5.482545258
8/7/2022 3:00,3.540142164,14.14437503,5.642066119
8/7/2022 4:00,3.535295302,14.18054401,5.043868466
8/7/2022 5:00,3.568801913,14.20987517,4.801450707
8/7/2022 6:00,3.720442339,14.21224993,2.952757369
8/7/2022 7:00,3.819839593,14.18356246,3.530081806
8/7/2022 8:00,4.453516533,14.15641449,2.886240464
8/7/2022 9:00,4.179270335,14.13549989,3.149535273
8/7/2022 10:00,4.992291631,14.09393752,3.323022402
8/7/2022 11:00,4.229869165,14.10981262,3.14375174
8/7/2022 12:00,4.35304222,14.12624045,4.036118766
8/7/2022 13:00,4.970772566,14.12287498,3.778142632
8/7/2022 14:00,2.674833019,14.12825018,4.570770664
8/7/2022 15:00,2.934443991,14.15793741,5.525026738
8/7/2022 16:00,4.845327535,14.20365383,5.851715782
8/7/2022 17:00,5.249341982,14.19356257,6.066574347
8/7/2022 18:00,4.891492735,14.20350003,6.718328237
8/7/2022 19:00,4.262691322,14.21358005,5.843619784
8/7/2022 20:00,3.687738065,14.21187508,5.599829117
8/7/2022 21:00,2.579660813,14.22618741,5.265096199
8/7/2022 22:00,4.09688262,14.22506255,5.453483609
8/7/2022 23:00,6.905157224,14.26792046,4.984647388
8/8/2022 0:00,7.715373683,14.32531243,5.626852888
8/8/2022 1:00,6.412948504,14.37943739,5.224620584
8/8/2022 2:00,4.323415816,14.42193747,3.370583716
8/8/2022 3:00,2.930864027,14.45001357,2.683625559
8/8/2022 4:00,2.442423566,14.45931256,3.041183131
8/8/2022 5:00,2.426311792,14.48624998,2.381349006
8/8/2022 6:00,2.521416923,14.48643744,2.639107148
8/8/2022 7:00,1.957898178,14.48334458,4.47553491
8/8/2022 8:00,1.865110828,14.47843742,4.783626225
8/8/2022 9:00,1.933848818,14.49262494,4.353868379
8/8/2022 10:00,2.131306435,14.52215197,7.873897606
8/8/2022 11:00,3.302126722,14.44568735,6.354412396
8/8/2022 12:00,5.005434832,14.42256242,5.154869004
8/8/2022 13:00,3.259468964,14.41587496,5.499578577
8/8/2022 14:00,2.705515649,14.39774559,4.92928291
8/8/2022 15:00,2.289713626,14.37725013,5.808883383
8/8/2022 16:00,1.519616859,14.3936876,5.634223702
8/8/2022 17:00,1.536139395,14.39050007,5.282623834
8/8/2022 18:00,1.694792793,14.42626983,6.307346044
8/8/2022 19:00,1.74131243,14.49962491,6.409865369
8/8/2022 20:00,1.619695925,14.53474981,6.364209619
8/8/2022 21:00,1.641812967,14.47687513,6.638437889
8/8/2022 22:00,1.768321499,14.46099178,6.988029691
8/8/2022 23:00,1.939285983,14.47781265,7.54325559
8/9/2022 0:00,2.599748792,14.4455626,7.107729166
8/9/2022 1:00,2.127966727,14.41774994,7.639823266
8/9/2022 2:00,2.11265771,14.42406249,7.858506417
8/9/2022 3:00,1.935933601,14.41856247,7.724620042
8/9/2022 4:00,1.494078433,14.39818752,7.334561109
8/9/2022 5:00,1.34602372,14.37184231,7.296845078
8/9/2022 6:00,1.473396132,14.35506249,6.791404183
8/9/2022 7:00,1.565153571,14.34018755,6.825578241
8/9/2022 8:00,1.644511272,14.33256256,6.640586197
8/9/2022 9:00,1.743054151,14.31237501,6.69391185
8/9/2022 10:00,1.605378431,14.31187505,6.35708163
8/9/2022 11:00,1.476740622,14.31956237,5.391293982
8/9/2022 12:00,1.371498293,14.30593759,5.758699098
8/9/2022 13:00,1.396913621,14.30625982,5.884630499
8/9/2022 14:00,1.428972128,14.3028751,6.663837463
8/9/2022 15:00,1.57170992,14.29424995,6.508745476
8/9/2022 16:00,1.664809297,14.31329101,6.495894602
8/9/2022 17:00,1.268121675,14.31793761,6.066850903
8/9/2022 18:00,1.543846609,14.306,6.043044235
8/9/2022 19:00,1.642467171,14.29193741,5.855135357
8/9/2022 20:00,1.445721509,14.27518749,5.911385549
8/9/2022 21:00,1.58215355,14.24893749,6.231397908
8/9/2022 22:00,1.599228725,14.21587503,5.843804162
8/9/2022 23:00,1.527128283,14.19837499,5.978160525
8/10/2022 0:00,1.644908853,14.18643755,4.760814603
8/10/2022 1:00,1.627336968,14.17637491,4.113853465
8/10/2022 2:00,1.536914952,14.18124992,4.443349641
8/10/2022 3:00,1.554328442,14.20056248,4.452292487
8/10/2022 4:00,1.508947881,14.19897524,4.09565397
8/10/2022 5:00,1.631530615,14.19631249,2.728184805
8/10/2022 6:00,1.460484563,14.19599998,1.477380387
8/10/2022 7:00,1.632870582,14.1976775,1.488595302
8/10/2022 8:00,1.214350073,14.19212496,1.277691268
8/10/2022 9:00,1.452521841,14.19768751,1.401429097
8/10/2022 10:00,1.11954375,14.20300001,2.875896141
8/10/2022 11:00,1.506847427,14.18475052,2.658391727
8/10/2022 12:00,1.375486468,14.17012501,2.213995732
8/10/2022 13:00,1.286876773,14.16037506,0.593949456
8/10/2022 14:00,1.287568848,14.15362489,1.438264258
8/10/2022 15:00,1.361113725,14.13287533,2.28712134
8/10/2022 16:00,1.505025386,14.12256253,3.055408537
8/10/2022 17:00,1.440812893,14.09700012,3.649643937
8/10/2022 18:00,0.995944309,14.08356249,3.311645114
8/10/2022 19:00,1.054782568,14.0833751,3.278379328
8/10/2022 20:00,1.076745711,14.08618754,2.413800286
8/10/2022 21:00,0.748253065,14.09443754,3.210044455
8/10/2022 22:00,0.933340916,14.09917007,3.534845207
8/10/2022 23:00,1.334653889,14.0946874,4.425060282
8/11/2022 0:00,1.578568694,14.08375013,4.515994352
8/11/2022 1:00,1.346829365,14.07406246,5.718830377
8/11/2022 2:00,1.649951243,14.05900002,5.664248757
8/11/2022 3:00,1.442819722,14.04237497,5.543192072
8/11/2022 4:00,1.466010315,14.03050005,5.748567219
8/11/2022 5:00,1.572948042,14.03856248,5.466615835
